scenario,seed,protocol,rmse_rho1,rmse_rho07,diff_ci95_low_m,diff_ci95_high_m
Medium_4Google,0,sample_cv,0.333330036250361,0.2808173669843105,-0.08632365302703149,-0.016638113920709095
Medium_4Google,0,rp_grouped_cv,2.8900895781888063,2.4864816676134573,-0.5747786240334368,-0.21256498189177392
Medium_4Google,0,d1_to_d2,1.348550442182676,1.2556445430490555,-0.15832694633391858,-0.03067130879275806
Medium_4Google,0,d2_to_d1,1.5901407870583975,1.2709572449841944,-0.6028945828558654,-0.0012002375072241503
Medium_4Google,1,sample_cv,0.3653709990315778,0.31260302635913423,,
Medium_4Google,1,rp_grouped_cv,2.905954192619009,2.507573834215946,,
Medium_4Google,1,d1_to_d2,1.3272618542950174,1.238604165771555,,
Medium_4Google,1,d2_to_d1,1.5849825612500288,1.2461125311053625,,
Medium_4Google,2,sample_cv,0.3991926109313934,0.3494220457333018,,
Medium_4Google,2,rp_grouped_cv,2.9231599942527944,2.496157463480399,,
Medium_4Google,2,d1_to_d2,1.3466060794291463,1.2685597121495196,,
Medium_4Google,2,d2_to_d1,1.605363385765226,1.2597333722833894,,
Medium_4Google,3,sample_cv,0.3166552840059506,0.271891673853967,,
Medium_4Google,3,rp_grouped_cv,2.909935943517963,2.4892180238246207,,
Medium_4Google,3,d1_to_d2,1.3207165629477158,1.2259158174469609,,
Medium_4Google,3,d2_to_d1,1.5679662889800317,1.1989448896240351,,
Medium_4Google,4,sample_cv,0.3569147847253673,0.31205631172737,,
Medium_4Google,4,rp_grouped_cv,2.881173997383705,2.5003332577167514,,
Medium_4Google,4,d1_to_d2,1.3260529748425858,1.26985285838775,,
Medium_4Google,4,d2_to_d1,1.5770762035558892,1.2662820982528298,,
Medium_4Google,5,sample_cv,0.323822855826385,0.27863872778604043,,
Medium_4Google,5,rp_grouped_cv,2.8890468011747017,2.50155128723492,,
Medium_4Google,5,d1_to_d2,1.3259454640033628,1.278529212771884,,
Medium_4Google,5,d2_to_d1,1.6126855742036255,1.3099551406059813,,
Medium_4Google,6,sample_cv,0.3240558272890651,0.2842930369257139,,
Medium_4Google,6,rp_grouped_cv,2.8915467006046742,2.4784259409014724,,
Medium_4Google,6,d1_to_d2,1.3390700765332066,1.28761956921375,,
Medium_4Google,6,d2_to_d1,1.5553815108983633,1.2506552701684168,,
Medium_4Google,7,sample_cv,0.34078850424012636,0.28981809221954835,,
Medium_4Google,7,rp_grouped_cv,2.893625590892274,2.508912550834195,,
Medium_4Google,7,d1_to_d2,1.3108773701100533,1.2340024934964835,,
Medium_4Google,7,d2_to_d1,1.5442756753320492,1.272401721050929,,
Medium_4Google,8,sample_cv,0.30957510781356135,0.2655135414835032,,
Medium_4Google,8,rp_grouped_cv,2.9030042532215163,2.5026219690556575,,
Medium_4Google,8,d1_to_d2,1.3342579287545666,1.2562763936508663,,
Medium_4Google,8,d2_to_d1,1.5846651555174507,1.2622710231254852,,
Medium_4Google,9,sample_cv,0.30835586022213624,0.27154708632001506,,
Medium_4Google,9,rp_grouped_cv,2.915215866708863,2.530065647211554,,
Medium_4Google,9,d1_to_d2,1.3286967034570984,1.2448916358730384,,
Medium_4Google,9,d2_to_d1,1.5829158920872135,1.2438542265430153,,
High_4Google_3Linksys,0,sample_cv,0.3294099209192102,0.27765811495434606,-0.08002427415559416,-0.021401958651778585
High_4Google_3Linksys,0,rp_grouped_cv,2.8793052022396726,2.5004630567068107,-0.5507580018241395,-0.18539000217837584
High_4Google_3Linksys,0,d1_to_d2,1.3813421976549483,1.3267975168971475,-0.15099934426370787,0.03614324723391297
High_4Google_3Linksys,0,d2_to_d1,1.7174923744162036,1.4962754180223008,-0.4271685867502124,0.008016206440177436
High_4Google_3Linksys,1,sample_cv,0.3620631596221237,0.3108677449405859,,
High_4Google_3Linksys,1,rp_grouped_cv,2.9009484575604265,2.5261776133914284,,
High_4Google_3Linksys,1,d1_to_d2,1.3921902089712945,1.3372543769314118,,
High_4Google_3Linksys,1,d2_to_d1,1.6964263250335094,1.4784675487213967,,
High_4Google_3Linksys,2,sample_cv,0.4026492645246268,0.3479953557799955,,
High_4Google_3Linksys,2,rp_grouped_cv,2.903657481606411,2.515579526356152,,
High_4Google_3Linksys,2,d1_to_d2,1.3540138093502194,1.3444018795980086,,
High_4Google_3Linksys,2,d2_to_d1,1.72874287118319,1.4922833172766665,,
High_4Google_3Linksys,3,sample_cv,0.32493427492682675,0.2781898574714773,,
High_4Google_3Linksys,3,rp_grouped_cv,2.8923676735697192,2.497155704236325,,
High_4Google_3Linksys,3,d1_to_d2,1.338089851558717,1.34765669324366,,
High_4Google_3Linksys,3,d2_to_d1,1.6861829286817633,1.439892081635145,,
High_4Google_3Linksys,4,sample_cv,0.35946528288556573,0.3113717024179739,,
High_4Google_3Linksys,4,rp_grouped_cv,2.8771082883262413,2.498524206184304,,
High_4Google_3Linksys,4,d1_to_d2,1.367351233297423,1.3703453109668675,,
High_4Google_3Linksys,4,d2_to_d1,1.6790323602731654,1.4694493960210755,,
High_4Google_3Linksys,5,sample_cv,0.32475508501707046,0.28519731898381595,,
High_4Google_3Linksys,5,rp_grouped_cv,2.869436974026631,2.5040102072209454,,
High_4Google_3Linksys,5,d1_to_d2,1.3770403749103781,1.3637404877924675,,
High_4Google_3Linksys,5,d2_to_d1,1.7243481073663196,1.4579991725649346,,
High_4Google_3Linksys,6,sample_cv,0.32906384871835087,0.2900916642871521,,
High_4Google_3Linksys,6,rp_grouped_cv,2.8855848523768395,2.5138112958082885,,
High_4Google_3Linksys,6,d1_to_d2,1.35460917804525,1.3932293103115154,,
High_4Google_3Linksys,6,d2_to_d1,1.6494126758603864,1.4731938289308826,,
High_4Google_3Linksys,7,sample_cv,0.33996620799393906,0.2931205221974986,,
High_4Google_3Linksys,7,rp_grouped_cv,2.8806556314222003,2.5101135562094963,,
High_4Google_3Linksys,7,d1_to_d2,1.3242240693914076,1.3440590873254858,,
High_4Google_3Linksys,7,d2_to_d1,1.6612418703555054,1.4478666850845823,,
High_4Google_3Linksys,8,sample_cv,0.31506694258698653,0.2710417217576183,,
High_4Google_3Linksys,8,rp_grouped_cv,2.896519548484966,2.5079741400757913,,
High_4Google_3Linksys,8,d1_to_d2,1.358717507717392,1.3876691755602257,,
High_4Google_3Linksys,8,d2_to_d1,1.6636567167270853,1.457299466761125,,
High_4Google_3Linksys,9,sample_cv,0.31733916073080815,0.27287032850381265,,
High_4Google_3Linksys,9,rp_grouped_cv,2.9079239173296427,2.510219549778247,,
High_4Google_3Linksys,9,d1_to_d2,1.362826320979874,1.3635186182162005,,
High_4Google_3Linksys,9,d2_to_d1,1.6926458369205533,1.4453083633759551,,
