dataset,rp_fraction,train_rps,seed,ratio,paper_metric_m,rmse2d_m,p90_m
office,1.0,28,0,0.2,0.4113807387826258,0.5818928046442127,0.9489408848139027
office,1.0,28,0,0.35,0.3559326834056993,0.5033689924996199,0.7850311205359051
office,1.0,28,0,0.5,0.33573991734628134,0.4748108881517555,0.7332452544133999
office,1.0,28,0,0.7,0.33764969041710635,0.47750903799862304,0.740179018114609
office,1.0,28,0,0.85,0.34480133917735833,0.48762555179552364,0.7830905609806325
office,1.0,28,0,1.0,0.37652968786149443,0.5325275529809694,0.8392158915384951
office,1.0,28,1,0.2,0.40660772676279683,0.5752324917007301,0.9364276287328842
office,1.0,28,1,0.35,0.3497999853370344,0.4947114851126006,0.7560412195279108
office,1.0,28,1,0.5,0.3393179142146875,0.4798680142827685,0.7397881240410322
office,1.0,28,1,0.7,0.33861807905583513,0.478912749314816,0.740539535834366
office,1.0,28,1,0.85,0.3455539850477817,0.4886896997594459,0.7702068787742105
office,1.0,28,1,1.0,0.3670728873064615,0.5194275234622671,0.8142511893509197
office,1.0,28,2,0.2,0.40195547174193774,0.5685038366667229,0.8988789582642092
office,1.0,28,2,0.35,0.34828194493947995,0.4926010406153014,0.7752248703805213
office,1.0,28,2,0.5,0.3466700604749977,0.4902677077984313,0.7503137498173988
office,1.0,28,2,0.7,0.3416581802742466,0.4831956330449648,0.7576728405958602
office,1.0,28,2,0.85,0.3455792523163838,0.4887399599897074,0.7852433771661362
office,1.0,28,2,1.0,0.374872268227186,0.5302486854483971,0.8489925028411772
office,1.0,28,3,0.2,0.3965432109438294,0.5608717842591892,0.8708723739112859
office,1.0,28,3,0.35,0.3485658284856966,0.4929473404036259,0.7456971200289881
office,1.0,28,3,0.5,0.34123527567619305,0.4825807890857227,0.7417343162884875
office,1.0,28,3,0.7,0.3436545254994947,0.48606714629705444,0.7605524361060381
office,1.0,28,3,0.85,0.3462051814884083,0.4896080830040505,0.7788649632300275
office,1.0,28,3,1.0,0.37119453687784754,0.52506801398944,0.8388976597959438
office,1.0,28,4,0.2,0.40988241060039676,0.5797844853141624,0.93952130599606
office,1.0,28,4,0.35,0.348595570287189,0.4930112094517342,0.7648677370190329
office,1.0,28,4,0.5,0.34247688624070927,0.4843467100000902,0.7413433864794827
office,1.0,28,4,0.7,0.33831077126352593,0.47844373688443276,0.7515945679055017
office,1.0,28,4,0.85,0.3463970925184227,0.4899746861131051,0.7783219472757473
office,1.0,28,4,1.0,0.37463353780229397,0.5298328972321884,0.831674090636563
office,1.0,28,5,0.2,0.4099581244927482,0.5802008944546069,0.9348832321363525
office,1.0,28,5,0.35,0.35347834493752506,0.4998958582074706,0.7771771649890162
office,1.0,28,5,0.5,0.3406686416258564,0.4817923887970604,0.7294159609130201
office,1.0,28,5,0.7,0.33984829744181155,0.4806208498611404,0.7423963925817062
office,1.0,28,5,0.85,0.34159939801065436,0.4831371099787102,0.7790645880611294
office,1.0,28,5,1.0,0.36520143503220903,0.5167443605627002,0.8160892602031273
office,1.0,28,6,0.2,0.39853776951189884,0.5636764719979936,0.9034674737820027
office,1.0,28,6,0.35,0.3586967815202011,0.5073344586119315,0.7854466046911679
office,1.0,28,6,0.5,0.3396000334763136,0.48026883512629676,0.7378501373783357
office,1.0,28,6,0.7,0.3399579557736665,0.48077315300590007,0.7440363488514137
office,1.0,28,6,0.85,0.35116855555570625,0.4966458017372446,0.7863262138459097
office,1.0,28,6,1.0,0.3744395571693465,0.5297072879250536,0.8343045340614875
office,1.0,28,7,0.2,0.4134616671792614,0.5847627370680549,0.9281772286668404
office,1.0,28,7,0.35,0.3563776018031757,0.5040164375641697,0.7767632362897056
office,1.0,28,7,0.5,0.341303233785774,0.4826801429611028,0.7356024026418111
office,1.0,28,7,0.7,0.33311845800169526,0.471145035770268,0.7197138677202829
office,1.0,28,7,0.85,0.348854366485081,0.4933771703827477,0.7731921437945632
office,1.0,28,7,1.0,0.3721883090303468,0.5264703135841479,0.8289480346466096
office,1.0,28,8,0.2,0.412905620430541,0.5839404174462621,0.9365801593373991
office,1.0,28,8,0.35,0.35977875219184574,0.5088169156921224,0.8136083485767293
office,1.0,28,8,0.5,0.33859372069480675,0.47907496739982786,0.7310657646935589
office,1.0,28,8,0.7,0.33549032797132505,0.4745279341726736,0.7515480471981988
office,1.0,28,8,0.85,0.3439382638820123,0.48640391059121424,0.7679733493208278
office,1.0,28,8,1.0,0.37038928089369416,0.5239066738009146,0.828806642944474
office,1.0,28,9,0.2,0.404007327275171,0.5715887514804067,0.9184404599578104
office,1.0,28,9,0.35,0.35366889369717525,0.5002002834827199,0.7581097487417172
office,1.0,28,9,0.5,0.34567605449416217,0.4888777116777862,0.7516313960528721
office,1.0,28,9,0.7,0.3349644433942906,0.4737133586900299,0.7345580073583772
office,1.0,28,9,0.85,0.34845489141046726,0.49278967160345727,0.7883367125760774
office,1.0,28,9,1.0,0.3792297269845525,0.5363792561207088,0.8454705911831326
office,0.75,21,0,0.2,0.48219819135198816,0.6827181638455204,1.1595295850371843
office,0.75,21,0,0.35,0.46407902769688303,0.6589115201515106,0.9921880506555951
office,0.75,21,0,0.5,0.45245580897093285,0.6433015626926125,0.9887947852195069
office,0.75,21,0,0.7,0.4545212365581669,0.6503675375939504,0.9645451504321725
office,0.75,21,0,0.85,0.481773570906175,0.6929980866600245,1.1253559186493016
office,0.75,21,0,1.0,0.48666164362386916,0.6974905074668974,1.1181084330491189
office,0.75,21,1,0.2,0.48154471242442015,0.6814131982433466,1.2938750156371144
office,0.75,21,1,0.35,0.4766128500586005,0.6740342298525054,1.2195663615624517
office,0.75,21,1,0.5,0.4616922146395903,0.653700949015744,1.16961996976257
office,0.75,21,1,0.7,0.4586503626192001,0.6495064211390239,1.1461842549429995
office,0.75,21,1,0.85,0.4741318911032236,0.6762034910094324,1.2286161111579248
office,0.75,21,1,1.0,0.552392466106823,0.8005338289585886,1.6854923495986431
office,0.75,21,2,0.2,0.4451764621639821,0.6303390746463188,1.018697288037057
office,0.75,21,2,0.35,0.4048628861296034,0.5728666923887763,0.815450720221706
office,0.75,21,2,0.5,0.4155554014417471,0.5893521649842787,0.8119907625479826
office,0.75,21,2,0.7,0.4006713586768217,0.5674015302801892,0.7620577635219773
office,0.75,21,2,0.85,0.4026912748490361,0.5703119280780716,0.7887742704734871
office,0.75,21,2,1.0,0.4370400172818899,0.6194459602746775,0.8245897825248895
office,0.75,21,3,0.2,0.43602908978566546,0.6170227923328525,1.067530139183628
office,0.75,21,3,0.35,0.3967839846313037,0.5627657734273249,0.8166837786245823
office,0.75,21,3,0.5,0.3667596744597399,0.5223600148604409,0.7190748367703241
office,0.75,21,3,0.7,0.35869773159336343,0.5128159788587321,0.709759321593389
office,0.75,21,3,0.85,0.35922820298100167,0.513625000588891,0.7270176072034696
office,0.75,21,3,1.0,0.357664662095382,0.5097078600809916,0.710650498434642
office,0.75,21,4,0.2,0.4393299691809228,0.621307825015643,0.9596002822092587
office,0.75,21,4,0.35,0.38976106270832134,0.55120637831521,0.8511995866536656
office,0.75,21,4,0.5,0.3551724869580838,0.5023030791735428,0.815986208346154
office,0.75,21,4,0.7,0.3491819847253622,0.4938183450458342,0.8069382209813764
office,0.75,21,4,0.85,0.3184758619839205,0.45039733961315426,0.6038401142084568
office,0.75,21,4,1.0,0.3161210571201073,0.44803536830714075,0.6587433507992488
office,0.75,21,5,0.2,0.4229744974625054,0.5989311015952304,0.9536917624421094
office,0.75,21,5,0.35,0.36790704259758306,0.5210385850822828,0.8134640768601783
office,0.75,21,5,0.5,0.35135001415613104,0.4983144752134986,0.749724436176879
office,0.75,21,5,0.7,0.355020050715444,0.5035392953174113,0.7501231558143563
office,0.75,21,5,0.85,0.38087612484838573,0.5406135823571327,0.8580741164742117
office,0.75,21,5,1.0,0.41547800196024437,0.5897739982173265,0.9607697275853588
office,0.75,21,6,0.2,0.46877016475390293,0.6674504769342233,1.0180517693309667
office,0.75,21,6,0.35,0.44143803918139135,0.631361981609205,0.9352364852394348
office,0.75,21,6,0.5,0.42173034478208404,0.6048703963383498,0.8937091318767485
office,0.75,21,6,0.7,0.43769235975819715,0.6284833126187412,0.9519340936088228
office,0.75,21,6,0.85,0.44184452212382835,0.6341067758778871,0.9304509412778087
office,0.75,21,6,1.0,0.4611891937486917,0.6606296194153486,0.9366036882910145
office,0.75,21,7,0.2,0.4261924386386041,0.6043828847511684,1.061019992990343
office,0.75,21,7,0.35,0.3715149943421509,0.5254061380420223,0.7757077479965461
office,0.75,21,7,0.5,0.3454003522961981,0.48858129090276886,0.7497410970038768
office,0.75,21,7,0.7,0.3327096121742323,0.47062879638154226,0.6927051813872166
office,0.75,21,7,0.85,0.3269962514894649,0.46244773893088065,0.6308604063854469
office,0.75,21,7,1.0,0.3143994118472864,0.4448224651328693,0.629280650554498
office,0.75,21,8,0.2,0.4257196708935196,0.602145854258048,0.9983181767693049
office,0.75,21,8,0.35,0.3955941604521839,0.5609995446632707,0.8777793625492777
office,0.75,21,8,0.5,0.3738187024079931,0.5295502736077425,0.8123805238896494
office,0.75,21,8,0.7,0.37871544532558227,0.5364077383419131,0.8722737458921891
office,0.75,21,8,0.85,0.39379260092780083,0.5580725454392053,0.9106481441808357
office,0.75,21,8,1.0,0.43056175380041795,0.6105978388637671,0.9869119099775601
office,0.75,21,9,0.2,0.42917537425563657,0.6077212920614561,0.9732125094283076
office,0.75,21,9,0.35,0.41199541142336904,0.5849249812667233,0.9170567359462797
office,0.75,21,9,0.5,0.39743253562362496,0.5647131026303599,0.8651209825409237
office,0.75,21,9,0.7,0.3915423741591044,0.5560717300029163,0.8706821110402682
office,0.75,21,9,0.85,0.3949321517847421,0.5598160563013059,0.8538714852032944
office,0.75,21,9,1.0,0.39820902427046995,0.5641652740748627,0.7981005191677109
office,0.5,14,0,0.2,0.4874796664676576,0.6911595080829214,1.073528229165943
office,0.5,14,0,0.35,0.46527878746897955,0.6583033660723225,0.9726567918872633
office,0.5,14,0,0.5,0.45566997991174363,0.6444175244802496,0.953699847850325
office,0.5,14,0,0.7,0.46008370103351925,0.6506601951595564,0.9524036104603714
office,0.5,14,0,0.85,0.47346918603367427,0.6697353765469675,0.9625172188349739
office,0.5,14,0,1.0,0.4990818695483416,0.7059372252550306,1.0053483584594016
office,0.5,14,1,0.2,0.4998661040303392,0.7088920599081521,1.2244498153365773
office,0.5,14,1,0.35,0.473976242819628,0.6789119199279969,1.105679975128175
office,0.5,14,1,0.5,0.45197735755677615,0.6456862950191968,0.9946197995308774
office,0.5,14,1,0.7,0.4596467066391773,0.6561421502421037,0.9875308604700683
office,0.5,14,1,0.85,0.4648753856916045,0.6706981633169641,0.8961173343684535
office,0.5,14,1,1.0,0.4784522543816875,0.696011578013733,0.8949233005620588
office,0.5,14,2,0.2,0.5423315347544232,0.7673804599368899,1.537168620280711
office,0.5,14,2,0.35,0.5300671066268643,0.7527541945426088,1.5415955894744966
office,0.5,14,2,0.5,0.5459383506007747,0.7798136910316603,1.585579787833565
office,0.5,14,2,0.7,0.590201987223499,0.8491496483471367,1.777398473706084
office,0.5,14,2,0.85,0.6208547944081171,0.8982427514095934,1.904448445453142
office,0.5,14,2,1.0,0.6536359109332549,0.9508797768783033,2.0036963394076346
office,0.5,14,3,0.2,0.419410772874107,0.595603789546948,0.986035928806145
office,0.5,14,3,0.35,0.3813808419699279,0.5403450408329643,0.8406423663604594
office,0.5,14,3,0.5,0.37404213440599965,0.5344101056598561,0.7538329071229396
office,0.5,14,3,0.7,0.3663029390926629,0.5266672083467288,0.7521598333592643
office,0.5,14,3,0.85,0.3693174799904979,0.5265779478320414,0.7041074975140909
office,0.5,14,3,1.0,0.4073221193070733,0.5763543534178462,0.8164753525911783
office,0.5,14,4,0.2,0.4769883475831458,0.6748440861930651,1.2201803446597081
office,0.5,14,4,0.35,0.4790129252395705,0.6775633071683681,1.1684377419656404
office,0.5,14,4,0.5,0.46583318800825,0.6604074708782609,1.0356713197188532
office,0.5,14,4,0.7,0.4564216436112424,0.6468562721226913,0.9688176529782178
office,0.5,14,4,0.85,0.43549162730678687,0.6197667582954207,0.9063097281515362
office,0.5,14,4,1.0,0.4390819426913042,0.6254301418206829,0.9839768058186206
office,0.5,14,5,0.2,0.5089794611688718,0.7286974525256603,1.1784403602728866
office,0.5,14,5,0.35,0.49393772525739477,0.7070708581956383,1.1496063145583408
office,0.5,14,5,0.5,0.49279119590303644,0.701453484234157,1.0651206379162905
office,0.5,14,5,0.7,0.5005126856959486,0.7117645803911812,0.9965215795947877
office,0.5,14,5,0.85,0.5147080515800131,0.7324075129809822,1.1541569548858661
office,0.5,14,5,1.0,0.5442520926498431,0.7745004438814292,1.3755650474185068
office,0.5,14,6,0.2,0.5550159175968288,0.7849122943516245,1.518143829367195
office,0.5,14,6,0.35,0.5535918170914651,0.7850826315840048,1.5693598844994676
office,0.5,14,6,0.5,0.5765466063943459,0.8172082498731588,1.7208152400178753
office,0.5,14,6,0.7,0.5902044177183456,0.8394285888895878,1.7274571695140224
office,0.5,14,6,0.85,0.6008639441724715,0.8626174634777635,1.7915480153735452
office,0.5,14,6,1.0,0.613632233730682,0.9015306680923615,1.9188212391238377
office,0.5,14,7,0.2,0.5009585702008775,0.7091232552748172,1.1511839661239331
office,0.5,14,7,0.35,0.5128226463450845,0.7267920908069353,1.2004911991922973
office,0.5,14,7,0.5,0.5314721361745968,0.7540815216146997,1.2225382189965968
office,0.5,14,7,0.7,0.5417813411382268,0.7708377354772531,1.262140424409092
office,0.5,14,7,0.85,0.5612995454889338,0.8026100868974337,1.2062493075967504
office,0.5,14,7,1.0,0.5813756181557488,0.8344569901484825,1.2280152579856412
office,0.5,14,8,0.2,0.5170818381672457,0.7316220254021184,1.2700960340304892
office,0.5,14,8,0.35,0.48040023987654495,0.6797290265567039,1.2400445118578967
office,0.5,14,8,0.5,0.4776057163484091,0.675526448749517,1.205909325236137
office,0.5,14,8,0.7,0.5143930813657823,0.7276277129368732,1.2997236716656448
office,0.5,14,8,0.85,0.5862030410385205,0.8290694543933436,1.559056612898397
office,0.5,14,8,1.0,0.6813950410935399,0.9651053481073832,1.860069704861741
office,0.5,14,9,0.2,0.5035377949997522,0.7147633754052669,1.2225025423753517
office,0.5,14,9,0.35,0.5018967409022642,0.7147737615930171,1.0881486614077602
office,0.5,14,9,0.5,0.5013524038069213,0.7158643162103074,1.1216642583368972
office,0.5,14,9,0.7,0.47640425498359873,0.6827834017910196,1.1513504427927155
office,0.5,14,9,0.85,0.4714108414711661,0.6750590687266276,1.1426454423855257
office,0.5,14,9,1.0,0.45618963716812433,0.6532041359813311,1.053593303361828
office,0.25,7,0,0.2,0.6558079182451676,0.9308997450622681,1.40502392929357
office,0.25,7,0,0.35,0.6070942424672388,0.8585801715632287,1.2797374164949156
office,0.25,7,0,0.5,0.6060154929262855,0.8571056164866815,1.2418810430266336
office,0.25,7,0,0.7,0.6048803724540707,0.8554975648654652,1.3013485208579094
office,0.25,7,0,0.85,0.6159416527464556,0.8719319087404023,1.3650010953697203
office,0.25,7,0,1.0,0.6410667705540032,0.9087336266900568,1.3651579789515091
office,0.25,7,1,0.2,0.7781922764445349,1.1016735292968114,1.6615796483188325
office,0.25,7,1,0.35,0.7433121996547133,1.0520296085682521,1.6219055809014231
office,0.25,7,1,0.5,0.7548109594969572,1.0687264694496506,1.7021857794079644
office,0.25,7,1,0.7,0.7689369624281108,1.089799576958318,1.750138653516209
office,0.25,7,1,0.85,0.7410725803393223,1.048426282531725,1.653634819034185
office,0.25,7,1,1.0,0.7144941757771424,1.010450925456,1.593144091969643
office,0.25,7,2,0.2,0.5770567268949482,0.8204798445960599,1.3131951285150107
office,0.25,7,2,0.35,0.5422502696228719,0.7713117523315215,1.315384635973659
office,0.25,7,2,0.5,0.5024981541308511,0.7125782286332272,1.2068721926718025
office,0.25,7,2,0.7,0.4828330488415682,0.6837639340555883,1.1466180554133971
office,0.25,7,2,0.85,0.4946531574368205,0.700217943866261,1.1861264243091645
office,0.25,7,2,1.0,0.5147961198140591,0.7283603298073262,1.2482102166702531
office,0.25,7,3,0.2,0.6184259039571586,0.8818763421902565,1.51310844925089
office,0.25,7,3,0.35,0.6248134421950686,0.8837507814852104,1.3182650571916796
office,0.25,7,3,0.5,0.6453992742135165,0.9144364595388521,1.3258420288379005
office,0.25,7,3,0.7,0.6847025057637859,0.9731398002335591,1.4594873167581066
office,0.25,7,3,0.85,0.7597123021403287,1.0818589124546516,1.849240264571132
office,0.25,7,3,1.0,0.8200753094008862,1.1679199511929519,2.1402875212482813
office,0.25,7,4,0.2,0.61144475873344,0.8658123556723045,1.7326467973722874
office,0.25,7,4,0.35,0.6446005488748348,0.9116688709047258,1.7409833776888533
office,0.25,7,4,0.5,0.6684185511455701,0.9490653736766971,1.6824553499805894
office,0.25,7,4,0.7,0.7383369819461303,1.062213168986607,1.922216895207776
office,0.25,7,4,0.85,0.8192018627565042,1.2026959841876803,2.356199145045068
office,0.25,7,4,1.0,0.9288947557378469,1.3830455645744442,2.670085053497174
office,0.25,7,5,0.2,0.7726120390675558,1.0934519150342308,2.038097547005813
office,0.25,7,5,0.35,0.761169169431859,1.0780013510735549,2.058867598206462
office,0.25,7,5,0.5,0.7308130621775496,1.0335370371142654,2.0539696912111327
office,0.25,7,5,0.7,0.7279992294401121,1.0304991463081976,2.0207402118063347
office,0.25,7,5,0.85,0.7240987771888125,1.0247600168209363,2.0191339529610213
office,0.25,7,5,1.0,0.7255523291026483,1.0278393541043653,2.02930510089045
office,0.25,7,6,0.2,0.47601587857561956,0.6746869658709528,1.036493459072635
office,0.25,7,6,0.35,0.44146843148721926,0.6328425290310471,0.9880440213146151
office,0.25,7,6,0.5,0.43640300611049954,0.6312497528321237,0.9585393327871319
office,0.25,7,6,0.7,0.44189183856256253,0.640710704524462,1.0377831425879067
office,0.25,7,6,0.85,0.501099830769842,0.7290417435581509,1.1941985239993482
office,0.25,7,6,1.0,0.600149248378501,0.8779746194194057,1.4067947929404787
office,0.25,7,7,0.2,0.5303034451842595,0.7500633531881037,1.213777185704099
office,0.25,7,7,0.35,0.528334182377959,0.747820997873553,1.2305518716159598
office,0.25,7,7,0.5,0.560815677096982,0.7961157168662486,1.3439547815054003
office,0.25,7,7,0.7,0.5681300956077113,0.8089971258313561,1.400598760847977
office,0.25,7,7,0.85,0.5762710745177249,0.8210870990291649,1.4388363353766125
office,0.25,7,7,1.0,0.5753143156151903,0.8212800726562675,1.4388363353766125
office,0.25,7,8,0.2,0.6493658210269643,0.9261570910247361,1.3664593669703236
office,0.25,7,8,0.35,0.6557294531130013,0.9409341828245292,1.4548660080532807
office,0.25,7,8,0.5,0.654258731760429,0.942675528205965,1.4744847375910302
office,0.25,7,8,0.7,0.6643140154922518,0.9557150965883949,1.4406483545729538
office,0.25,7,8,0.85,0.6842504683929598,0.9802668218363079,1.4522060243864854
office,0.25,7,8,1.0,0.7016240534690934,0.9995599820269683,1.5016784658248992
office,0.25,7,9,0.2,0.7106324770524507,1.0124321421543943,1.9529596513312708
office,0.25,7,9,0.35,0.6971313597612236,0.990401744175953,1.7943345889478153
office,0.25,7,9,0.5,0.692111876612471,0.9822550384649414,1.6531875380945475
office,0.25,7,9,0.7,0.7215954156402313,1.0231622019791873,1.7149067434962428
office,0.25,7,9,0.85,0.7221818233113336,1.022671327225073,1.608310405708771
office,0.25,7,9,1.0,0.7226247318987,1.0230141022441637,1.6235850883166503
apartment,1.0,81,0,0.2,0.7147200930182194,1.0162478839609814,1.7168029696921894
apartment,1.0,81,0,0.35,0.6311994251719775,0.901479464043388,1.5851574768223327
apartment,1.0,81,0,0.5,0.5717260557173008,0.8192144965491772,1.3775039864526148
apartment,1.0,81,0,0.7,0.5608414545943602,0.806838039210622,1.2686556642203803
apartment,1.0,81,0,0.85,0.5630961031838774,0.813862091850778,1.2030341369823156
apartment,1.0,81,0,1.0,0.5968234767269425,0.8629769417678484,1.15996502466946
apartment,1.0,81,1,0.2,0.7109295639264835,1.010737863989051,1.705714820546412
apartment,1.0,81,1,0.35,0.6470432079190982,0.9238345272542732,1.7306603216327292
apartment,1.0,81,1,0.5,0.5894452338316245,0.8482221886318209,1.3701214596385918
apartment,1.0,81,1,0.7,0.5666593966107158,0.8156379101977322,1.2519041361933227
apartment,1.0,81,1,0.85,0.5609460138544746,0.8091554465266103,1.2007501717562779
apartment,1.0,81,1,1.0,0.5987778602720089,0.8651578712356027,1.1217085112463228
apartment,1.0,81,2,0.2,0.6925171207459322,0.9843257324616718,1.6613796930423081
apartment,1.0,81,2,0.35,0.6423040126038475,0.9151989791811684,1.6158522299261413
apartment,1.0,81,2,0.5,0.577564449997291,0.8312592595560672,1.3946766977538763
apartment,1.0,81,2,0.7,0.5657051375137061,0.8156622325504567,1.2385808175723607
apartment,1.0,81,2,0.85,0.5618716987350802,0.811282111512247,1.204397162241457
apartment,1.0,81,2,1.0,0.5973320799087707,0.8639644603163114,1.1616168584200202
apartment,1.0,81,3,0.2,0.6992092954664988,0.9944268534671374,1.7076149849300262
apartment,1.0,81,3,0.35,0.6554878390261001,0.9358551447003264,1.7432082474402244
apartment,1.0,81,3,0.5,0.5940464054855724,0.8547508991432573,1.4842534549502218
apartment,1.0,81,3,0.7,0.5685520903860168,0.8186690031042327,1.2683596654321334
apartment,1.0,81,3,0.85,0.5629917301259463,0.8128753200688353,1.2201788654098398
apartment,1.0,81,3,1.0,0.601785357126617,0.8691746085970787,1.1478594911927227
apartment,1.0,81,4,0.2,0.7137067241332381,1.0141640198342854,1.7451584216700349
apartment,1.0,81,4,0.35,0.6561442716569952,0.9337604964034826,1.691253851980076
apartment,1.0,81,4,0.5,0.5768989435484656,0.8301906222870343,1.3252294734679788
apartment,1.0,81,4,0.7,0.5644333961268448,0.813724536632171,1.2688329875444897
apartment,1.0,81,4,0.85,0.5597210122145094,0.809725482529401,1.2319081858046095
apartment,1.0,81,4,1.0,0.5976128002518444,0.8643456835072998,1.1557961222323048
apartment,1.0,81,5,0.2,0.7131511598278671,1.0131879593242017,1.767393474247897
apartment,1.0,81,5,0.35,0.6561112285684672,0.9324383408045267,1.606296236643921
apartment,1.0,81,5,0.5,0.5942916116819635,0.8531466311560244,1.4885102117833677
apartment,1.0,81,5,0.7,0.5782903832215159,0.8353137184219519,1.2786105496497875
apartment,1.0,81,5,0.85,0.563318193517229,0.8142912403949265,1.1941075416940838
apartment,1.0,81,5,1.0,0.5956737507931749,0.8597407947253303,1.160051577516986
apartment,1.0,81,6,0.2,0.7106062216748968,1.0093479081229544,1.756891647964601
apartment,1.0,81,6,0.35,0.6453404505696274,0.9215143530605217,1.6670905840792285
apartment,1.0,81,6,0.5,0.5806277988479831,0.8353809325312505,1.387062967484874
apartment,1.0,81,6,0.7,0.559193879904791,0.8052188923787608,1.22831816505234
apartment,1.0,81,6,0.85,0.563026498602211,0.8133163646241954,1.2255981190520755
apartment,1.0,81,6,1.0,0.6001398131758593,0.8673225540072477,1.1488846765450393
apartment,1.0,81,7,0.2,0.7191571325155713,1.0211605142944096,1.7211599802144903
apartment,1.0,81,7,0.35,0.6464202235680547,0.921754925515803,1.7263855484541877
apartment,1.0,81,7,0.5,0.591216191127678,0.8524429801944283,1.340659198002844
apartment,1.0,81,7,0.7,0.577110731692078,0.8351295509108737,1.2824830488207748
apartment,1.0,81,7,0.85,0.5686515337524134,0.8213641112310611,1.227609257241385
apartment,1.0,81,7,1.0,0.5998393773881024,0.8673299414884158,1.1340364026206806
apartment,1.0,81,8,0.2,0.7085758787153374,1.0059016978090713,1.7264447378886538
apartment,1.0,81,8,0.35,0.6415002820766778,0.9160200995636492,1.6531522504993608
apartment,1.0,81,8,0.5,0.5906716087823582,0.8508328998389024,1.4336921484610803
apartment,1.0,81,8,0.7,0.5728974757230136,0.8265379003903023,1.2528959289343415
apartment,1.0,81,8,0.85,0.5581110779553764,0.8048929947871775,1.203013270345913
apartment,1.0,81,8,1.0,0.596812723910287,0.861792581600207,1.1312028288189437
apartment,1.0,81,9,0.2,0.7189501536209733,1.0219981013546031,1.773232059060416
apartment,1.0,81,9,0.35,0.6489034298057248,0.9242913571593863,1.6585166172142776
apartment,1.0,81,9,0.5,0.5857348892586336,0.8429419950319865,1.4428917699352088
apartment,1.0,81,9,0.7,0.558588778489933,0.8039322091852753,1.2227095758974054
apartment,1.0,81,9,0.85,0.5564508327623036,0.8026897394629386,1.2185016364591534
apartment,1.0,81,9,1.0,0.5972853227013719,0.863376361986348,1.1498136772939132
apartment,0.75,61,0,0.2,0.7800616933510255,1.125615922899573,2.07842550639891
apartment,0.75,61,0,0.35,0.7006056282343285,1.0136186497299957,1.8746986809052995
apartment,0.75,61,0,0.5,0.6052191062192462,0.8784919257637965,1.5974607785028765
apartment,0.75,61,0,0.7,0.5798461499994586,0.8375038103052798,1.4215686127641196
apartment,0.75,61,0,0.85,0.5714841605298671,0.8233861755670558,1.3578192767366097
apartment,0.75,61,0,1.0,0.6122517769072049,0.8737844704397127,1.4408082245228253
apartment,0.75,61,1,0.2,0.723476881064435,1.0307546066481763,1.7373678665966827
apartment,0.75,61,1,0.35,0.6510429859214879,0.9314030422080887,1.588801047330809
apartment,0.75,61,1,0.5,0.5916012241067858,0.8522547565810017,1.5358539623068197
apartment,0.75,61,1,0.7,0.583575712910008,0.8400681627516694,1.388174671645273
apartment,0.75,61,1,0.85,0.5871271746446343,0.8442718690525955,1.4194524354923614
apartment,0.75,61,1,1.0,0.6910026063633208,0.9835242991814995,1.750892866531402
apartment,0.75,61,2,0.2,0.7806354685317185,1.1216171854980637,1.9283830271623867
apartment,0.75,61,2,0.35,0.7284354568140814,1.0459988830129636,1.733194034091039
apartment,0.75,61,2,0.5,0.6731316897834594,0.9694327920010218,1.564156051998985
apartment,0.75,61,2,0.7,0.649515026369083,0.9342272218625217,1.5633799594824422
apartment,0.75,61,2,0.85,0.6166802228397753,0.8845911270575607,1.4192270554959807
apartment,0.75,61,2,1.0,0.5614881725416971,0.7995255273432882,1.2715733541196281
apartment,0.75,61,3,0.2,0.7049759658187371,1.000738924053093,1.765399571706426
apartment,0.75,61,3,0.35,0.6761851484358918,0.9650033734679883,1.6672488283130191
apartment,0.75,61,3,0.5,0.6251323811582749,0.8967485202651304,1.4860489132134995
apartment,0.75,61,3,0.7,0.6381756064770088,0.915350946879951,1.4661425195142008
apartment,0.75,61,3,0.85,0.632001470179874,0.906275506155535,1.338364466963103
apartment,0.75,61,3,1.0,0.6359522782706722,0.9076963879456914,1.2124665334783222
apartment,0.75,61,4,0.2,0.7175796934552457,1.0209749383484552,1.7316768224087242
apartment,0.75,61,4,0.35,0.6498489466855765,0.9266251611311768,1.4822398617785748
apartment,0.75,61,4,0.5,0.591476056496092,0.8449936407296584,1.2983640447341749
apartment,0.75,61,4,0.7,0.5922679886621096,0.8454497758011997,1.2728754718502406
apartment,0.75,61,4,0.85,0.5998484509755484,0.8552990800964263,1.282685574492624
apartment,0.75,61,4,1.0,0.6700283856584077,0.9500251429945625,1.296035555067838
apartment,0.75,61,5,0.2,0.7593735687721554,1.0889273005720053,1.905453110215365
apartment,0.75,61,5,0.35,0.7161822449152897,1.0355680505453733,1.7064762475591084
apartment,0.75,61,5,0.5,0.6550143223266973,0.9548552364974843,1.5495067683926993
apartment,0.75,61,5,0.7,0.6346663417202586,0.9291496133314715,1.3987365666573586
apartment,0.75,61,5,0.85,0.6195958904927905,0.9037007056173705,1.3219545179109
apartment,0.75,61,5,1.0,0.5894006664926796,0.8463187506360479,1.2593835563675935
apartment,0.75,61,6,0.2,0.7598225154556666,1.0812976133108425,1.9335003849142647
apartment,0.75,61,6,0.35,0.6670735793601641,0.9499593842981351,1.64246415061113
apartment,0.75,61,6,0.5,0.6128209114792753,0.8731581902469919,1.4136257605851554
apartment,0.75,61,6,0.7,0.5931732666294615,0.8439390610456543,1.3190781971942163
apartment,0.75,61,6,0.85,0.6065925793293903,0.8620702604643148,1.3011471970725224
apartment,0.75,61,6,1.0,0.6896339480545879,0.9757168079823726,1.4302562620304584
apartment,0.75,61,7,0.2,0.716265863403925,1.0158505553951092,1.7294038420140827
apartment,0.75,61,7,0.35,0.6654273839567129,0.94623590536277,1.7031966377410486
apartment,0.75,61,7,0.5,0.6074400219125582,0.8702304005658303,1.5072961981953612
apartment,0.75,61,7,0.7,0.5821029546975783,0.8335510784947555,1.3380440870307984
apartment,0.75,61,7,0.85,0.5821716926966075,0.8358002766431593,1.2472721901400208
apartment,0.75,61,7,1.0,0.6261805638567512,0.9033903939903407,1.3689770464106485
apartment,0.75,61,8,0.2,0.732199642948921,1.0454436604926962,1.8687669856104965
apartment,0.75,61,8,0.35,0.6650180218273158,0.9516266313136089,1.6892188963154777
apartment,0.75,61,8,0.5,0.6436598687489689,0.9297067721141664,1.6072095963699917
apartment,0.75,61,8,0.7,0.6563971162556185,0.9498906828332054,1.63741206852498
apartment,0.75,61,8,0.85,0.6636170527016745,0.9582909948948449,1.713575087596489
apartment,0.75,61,8,1.0,0.7454819060663311,1.0733904333208992,1.8552603921662518
apartment,0.75,61,9,0.2,0.7534472864438868,1.0673324228100678,1.8209161729515047
apartment,0.75,61,9,0.35,0.6816878354030087,0.9659049679820545,1.6809277873194528
apartment,0.75,61,9,0.5,0.6403799409304766,0.9126704891652317,1.7085080190285806
apartment,0.75,61,9,0.7,0.6455595178087408,0.9209063253870781,1.6125093295709445
apartment,0.75,61,9,0.85,0.6557711620864755,0.9371248633299963,1.605290589044212
apartment,0.75,61,9,1.0,0.7105740686588569,1.0187090515344217,1.8250008690401622
apartment,0.5,40,0,0.2,0.902833885564304,1.3038106362752098,2.5058340288804386
apartment,0.5,40,0,0.35,0.8215834230391085,1.1979718987359091,2.051998843093761
apartment,0.5,40,0,0.5,0.7588100401880808,1.105013982124052,1.8181614796851568
apartment,0.5,40,0,0.7,0.7575197715294112,1.1044891819766494,2.0343800457325485
apartment,0.5,40,0,0.85,0.7540922606321354,1.105226764020871,2.243951086464743
apartment,0.5,40,0,1.0,0.8024475414107681,1.1714026318021926,1.909124532344603
apartment,0.5,40,1,0.2,0.8177110439094262,1.1769351346494903,2.0095172703142334
apartment,0.5,40,1,0.35,0.7524385171839751,1.0819529353437007,1.8745367968681201
apartment,0.5,40,1,0.5,0.6801662072950667,0.9807472904026725,1.6671016557583618
apartment,0.5,40,1,0.7,0.6619687371042444,0.9515955953573179,1.5342260706003523
apartment,0.5,40,1,0.85,0.6768152377178052,0.9679496124436876,1.5257438413069406
apartment,0.5,40,1,1.0,0.7268446172049015,1.0342371250813576,1.9068907273159972
apartment,0.5,40,2,0.2,0.8341687387259158,1.1824792731580016,1.950820561461382
apartment,0.5,40,2,0.35,0.8026388563377662,1.1441925843846916,2.0069401805804437
apartment,0.5,40,2,0.5,0.7651736539386704,1.0996795771559065,1.9301709262957443
apartment,0.5,40,2,0.7,0.7455725264524963,1.076262565750933,1.809380396278867
apartment,0.5,40,2,0.85,0.767656200308448,1.111886398232622,1.978968759991416
apartment,0.5,40,2,1.0,0.9094586224964802,1.3349644356018775,2.1465608586760356
apartment,0.5,40,3,0.2,0.8225507547862123,1.1914371541637598,1.9414577609251131
apartment,0.5,40,3,0.35,0.7811272022405459,1.1577038846379273,1.7948995790304163
apartment,0.5,40,3,0.5,0.833331963149124,1.2555812720276878,1.7411010019221393
apartment,0.5,40,3,0.7,0.8626238220786413,1.3131984565551587,1.7182979790226258
apartment,0.5,40,3,0.85,0.8889101732043669,1.3483428054851068,1.6410318568416737
apartment,0.5,40,3,1.0,0.9958973070254522,1.4773328924850995,2.043723660380728
apartment,0.5,40,4,0.2,0.8058873982219509,1.1425378982421284,1.8946131935681099
apartment,0.5,40,4,0.35,0.7567091674099293,1.0738670065562657,1.8039197118454264
apartment,0.5,40,4,0.5,0.7153983437985165,1.0167827883184735,1.7495306048372956
apartment,0.5,40,4,0.7,0.6850783108403304,0.9750590738602669,1.5412827923162506
apartment,0.5,40,4,0.85,0.6700232033794788,0.955199343075305,1.455636529619457
apartment,0.5,40,4,1.0,0.7311169296106674,1.0384711248510596,1.6933896893509186
apartment,0.5,40,5,0.2,0.9417806449083712,1.3720284059925927,2.4053292098412364
apartment,0.5,40,5,0.35,0.9122145940243647,1.3466643872064468,2.447735089787438
apartment,0.5,40,5,0.5,0.9089361735166064,1.3567706844588354,2.2073012424077865
apartment,0.5,40,5,0.7,0.9355617581252806,1.4101790262477192,2.1109334837090294
apartment,0.5,40,5,0.85,0.9995134902760296,1.5028847207494223,2.004825601505503
apartment,0.5,40,5,1.0,1.0884228862517142,1.6407050402645276,1.8839080103232284
apartment,0.5,40,6,0.2,0.7686106981583938,1.0881354591131154,1.8501292371964035
apartment,0.5,40,6,0.35,0.7137820504714708,1.0130630734582113,1.7170456757660695
apartment,0.5,40,6,0.5,0.697327311576249,1.0003156783574954,1.657456904759308
apartment,0.5,40,6,0.7,0.7155292884921227,1.0281715751089742,1.7123551020376717
apartment,0.5,40,6,0.85,0.7480002137195314,1.083282226458516,1.7016343388497417
apartment,0.5,40,6,1.0,0.8659531979917132,1.2731060068366962,1.7374195848514433
apartment,0.5,40,7,0.2,0.7880390723461161,1.1277545636627098,1.9524592892457955
apartment,0.5,40,7,0.35,0.7540438675232506,1.0891753948449405,1.8747852726531704
apartment,0.5,40,7,0.5,0.7265168293395243,1.0708253629686828,1.996350011073817
apartment,0.5,40,7,0.7,0.7420653557189687,1.0997106167313855,2.0437637003736913
apartment,0.5,40,7,0.85,0.7413573646853012,1.1011086930176694,2.0037416518824567
apartment,0.5,40,7,1.0,0.8073620639946262,1.2034069878818048,2.2473853005598428
apartment,0.5,40,8,0.2,0.8511240321047965,1.2216385821425706,1.9441490631246154
apartment,0.5,40,8,0.35,0.8566746985062076,1.2349192912526898,1.9163117211886187
apartment,0.5,40,8,0.5,0.9115650833774689,1.3231872464603798,1.8960739109789952
apartment,0.5,40,8,0.7,0.934638805485086,1.3564753214324146,1.8231496555528652
apartment,0.5,40,8,0.85,1.0031409126683783,1.4534385175898543,1.9092515895036426
apartment,0.5,40,8,1.0,1.1683460335978442,1.6672422956666406,2.3235904470014286
apartment,0.5,40,9,0.2,0.7807532065573881,1.1117136646151085,1.9514404968883026
apartment,0.5,40,9,0.35,0.7012071406315938,0.9957962430182167,1.707590433087365
apartment,0.5,40,9,0.5,0.6726851606261246,0.9532932782196938,1.5660530767521565
apartment,0.5,40,9,0.7,0.6658456464489175,0.9442414754468388,1.4905368311749956
apartment,0.5,40,9,0.85,0.6770262917506995,0.960017615164059,1.5076271185752794
apartment,0.5,40,9,1.0,0.7493690573340628,1.063817192142922,1.604934789952539
apartment,0.25,20,0,0.2,0.9643209345506404,1.3637684166503026,2.207193876316897
apartment,0.25,20,0,0.35,0.9212312654925008,1.303561074425982,2.090187915475185
apartment,0.25,20,0,0.5,1.0003689029208536,1.4224320826967651,2.1095346470526426
apartment,0.25,20,0,0.7,1.0777751155615027,1.5347925081373321,2.331786437658178
apartment,0.25,20,0,0.85,1.153916881869648,1.649605999966791,2.5486092587995044
apartment,0.25,20,0,1.0,1.3245312469839252,1.907136097826315,2.8112529829620843
apartment,0.25,20,1,0.2,0.9084434271837085,1.2976814552717941,2.1131488981702
apartment,0.25,20,1,0.35,0.863448192717375,1.2320370655717015,2.046835391714707
apartment,0.25,20,1,0.5,0.9177502230001084,1.3201307432290148,2.1187617551075713
apartment,0.25,20,1,0.7,0.9589618774010726,1.3842891867163343,2.162028754921603
apartment,0.25,20,1,0.85,0.9926496776020189,1.434535424753799,2.111831637639025
apartment,0.25,20,1,1.0,1.0901436011499896,1.5891270311990027,2.374788808006926
apartment,0.25,20,2,0.2,0.9595240091152307,1.4068208884679971,2.2808568140112926
apartment,0.25,20,2,0.35,0.9298955390547974,1.3579897378110042,2.206840275144533
apartment,0.25,20,2,0.5,0.9643588886460012,1.4045041080784333,2.229554902088951
apartment,0.25,20,2,0.7,1.0122410474588406,1.4679219041521436,2.085726097718401
apartment,0.25,20,2,0.85,1.0912720148797028,1.5716980019352818,2.097880232921256
apartment,0.25,20,2,1.0,1.3037740801313227,1.865887457201674,2.7480203783814994
apartment,0.25,20,3,0.2,1.0621505959467976,1.5665335309925983,2.5259581066592354
apartment,0.25,20,3,0.35,1.003619660195746,1.5001664908062475,2.506907470758089
apartment,0.25,20,3,0.5,0.9763446843531273,1.4859267058857135,2.4981095624376994
apartment,0.25,20,3,0.7,0.982816919929528,1.504815701764127,2.4751824663435573
apartment,0.25,20,3,0.85,1.0185774584154266,1.562670376756021,2.4627181081073815
apartment,0.25,20,3,1.0,1.1488017790692706,1.7727995510186576,2.678084483237564
apartment,0.25,20,4,0.2,0.9992691651118768,1.4133537093304565,2.2572781526660606
apartment,0.25,20,4,0.35,0.9042729493225712,1.2795889607267612,2.028896513438252
apartment,0.25,20,4,0.5,0.9162963730945326,1.3021983367835481,2.2168871778350177
apartment,0.25,20,4,0.7,0.9418647827662251,1.3414754768494674,2.159690108190126
apartment,0.25,20,4,0.85,1.0466168978677957,1.495500262711483,2.239413979872185
apartment,0.25,20,4,1.0,1.3088890749045188,1.8757809350811179,2.66431950036027
apartment,0.25,20,5,0.2,1.026826149272444,1.4925478154877456,2.782967068396349
apartment,0.25,20,5,0.35,0.9786757372630164,1.4199567822466554,2.5056374327933506
apartment,0.25,20,5,0.5,0.9014072941039915,1.3087430046887887,2.2055513949435817
apartment,0.25,20,5,0.7,0.8928324559719855,1.3014582220079842,2.191216325082733
apartment,0.25,20,5,0.85,0.9012475011554217,1.31463537115067,2.1900686361473602
apartment,0.25,20,5,1.0,1.0092245470813044,1.4515011820426686,2.297163269735164
apartment,0.25,20,6,0.2,0.9001165372221932,1.2851067282480881,2.125007018339119
apartment,0.25,20,6,0.35,0.8692165138295351,1.2427065258271293,2.11403560132912
apartment,0.25,20,6,0.5,0.8837453345569175,1.276368391890089,2.030165566322904
apartment,0.25,20,6,0.7,0.9338946594946944,1.3502716581164858,2.1301183708363727
apartment,0.25,20,6,0.85,0.9948299602911477,1.445440909768429,2.189116704083602
apartment,0.25,20,6,1.0,1.1506249109161542,1.6877470907120227,2.59086363050288
apartment,0.25,20,7,0.2,1.037968251736148,1.477564240554541,2.5206261063117386
apartment,0.25,20,7,0.35,1.0432195129548958,1.4856303549161465,2.5893916228710894
apartment,0.25,20,7,0.5,1.055288246107407,1.4966199661966262,2.6093405920094663
apartment,0.25,20,7,0.7,1.0486299662067622,1.487877985357114,2.670887331644428
apartment,0.25,20,7,0.85,1.022348280301658,1.4487935144596107,2.584666780361969
apartment,0.25,20,7,1.0,0.9626199055567002,1.3694684014013545,2.4355516171906517
apartment,0.25,20,8,0.2,0.9387917486560193,1.3391244832386553,2.170678787844945
apartment,0.25,20,8,0.35,0.9526578007081203,1.366945962691847,2.2734474262669897
apartment,0.25,20,8,0.5,0.9728137386261314,1.4161758290729916,2.364915503842028
apartment,0.25,20,8,0.7,1.042729619585355,1.5298173038544223,2.365846782573614
apartment,0.25,20,8,0.85,1.0823910596412658,1.598061937717562,2.4579660239829906
apartment,0.25,20,8,1.0,1.2035541461951942,1.7781982160693401,2.8363469463378412
apartment,0.25,20,9,0.2,0.9328319341968209,1.324838352212923,2.1079696356834807
apartment,0.25,20,9,0.35,0.9134654984605604,1.2977571519276287,2.1209311952512966
apartment,0.25,20,9,0.5,0.9079381523566301,1.2898078446923342,2.2642261371161667
apartment,0.25,20,9,0.7,0.9090292590022856,1.2899676227960408,2.188276545594729
apartment,0.25,20,9,0.85,0.9311773390847776,1.320156988226483,2.2580168378841607
apartment,0.25,20,9,1.0,0.9379741494352909,1.3332144500563592,2.1130785125025517
building,1.0,483,0,0.2,0.5392732875307404,0.7701586938989283,1.0914031247957483
building,1.0,483,0,0.35,0.5100771927488807,0.73014437018221,1.072172373170735
building,1.0,483,0,0.5,0.5051046930926181,0.72246191380491,1.0722587363273495
building,1.0,483,0,0.7,0.5257856001271912,0.7505940091842102,1.082711780124155
building,1.0,483,0,0.85,0.5371089254177789,0.7654088277149648,1.1090410270754594
building,1.0,483,0,1.0,0.6047337073903303,0.8592109314206783,1.2218610342980998
building,1.0,483,1,0.2,0.5298309752097384,0.7586269017854022,1.0948760650782543
building,1.0,483,1,0.35,0.5083876147289698,0.7286003711213029,1.0699175669062213
building,1.0,483,1,0.5,0.5073140550262462,0.7267739718096557,1.0739193627259203
building,1.0,483,1,0.7,0.5155788749150807,0.7350863514034802,1.0754790559355385
building,1.0,483,1,0.85,0.5478593684947528,0.7813063449265132,1.0996055656297756
building,1.0,483,1,1.0,0.6091599454672874,0.8669721946817215,1.2085882673399138
building,1.0,483,2,0.2,0.5283170952014131,0.7570746626828355,1.0769672006860735
building,1.0,483,2,0.35,0.5066913741394237,0.7249755698302244,1.050295762665867
building,1.0,483,2,0.5,0.5095866436833648,0.7290409299621989,1.0897408865241063
building,1.0,483,2,0.7,0.5179607360100359,0.7396562727331694,1.090419001055961
building,1.0,483,2,0.85,0.5415887625033121,0.7724844674802345,1.1174218522643025
building,1.0,483,2,1.0,0.6059689190626507,0.8623034176810738,1.2416547023396451
building,1.0,483,3,0.2,0.5352584451353126,0.766788758593758,1.1084338456047877
building,1.0,483,3,0.35,0.5156473828827307,0.7384393625809215,1.079842568259633
building,1.0,483,3,0.5,0.5006038006059841,0.7153402187750216,1.075865780508738
building,1.0,483,3,0.7,0.5190352939059921,0.7407463491732088,1.0895771652568313
building,1.0,483,3,0.85,0.5428374500570772,0.7734527089709226,1.1042083106724139
building,1.0,483,3,1.0,0.6102263769667078,0.8675078755226389,1.230340114759844
building,1.0,483,4,0.2,0.5310243019139416,0.7612924084582371,1.087663550024841
building,1.0,483,4,0.35,0.5066036661749452,0.7252776936866443,1.0570036856821645
building,1.0,483,4,0.5,0.5016840987341656,0.7176862316039977,1.068190423453642
building,1.0,483,4,0.7,0.516045658765355,0.7375361799080817,1.0812344796004365
building,1.0,483,4,0.85,0.542871594186481,0.773507488629749,1.1055957667265364
building,1.0,483,4,1.0,0.5996785334542856,0.8521798522909927,1.2194590601452648
building,1.0,483,5,0.2,0.5205716261264413,0.7444721831232239,1.0663322183355346
building,1.0,483,5,0.35,0.510913481556979,0.7312189984813848,1.0679531824796609
building,1.0,483,5,0.5,0.5089792182952018,0.7271922465627557,1.067176461424225
building,1.0,483,5,0.7,0.5125237751023229,0.7314441042713138,1.0841606863892754
building,1.0,483,5,0.85,0.5407546216117454,0.7699755663083608,1.098329456845555
building,1.0,483,5,1.0,0.6016597372111174,0.855060761698408,1.2160018069269862
building,1.0,483,6,0.2,0.5260700532567947,0.7539281540262852,1.0880202203444378
building,1.0,483,6,0.35,0.5049522601290982,0.7232139300684158,1.0531844984561445
building,1.0,483,6,0.5,0.5011308783613693,0.7165499529001866,1.0640400364210405
building,1.0,483,6,0.7,0.5190739991407765,0.741375514562596,1.085794637686895
building,1.0,483,6,0.85,0.5408969917083769,0.7706628144213462,1.0994300341193874
building,1.0,483,6,1.0,0.6014408916903954,0.854521291302677,1.2316663500552794
building,1.0,483,7,0.2,0.5279249608981373,0.7559447112527565,1.0859668502665736
building,1.0,483,7,0.35,0.508762931990882,0.7292124399182345,1.0493491315151937
building,1.0,483,7,0.5,0.502928583995151,0.7187706655805971,1.0652563986211034
building,1.0,483,7,0.7,0.5136840659002283,0.7327345839613776,1.0905831451129155
building,1.0,483,7,0.85,0.5439002623137619,0.7746081129430931,1.1035647686625654
building,1.0,483,7,1.0,0.6002225472960493,0.8533858305061047,1.2094506133695286
building,1.0,483,8,0.2,0.5358418044505477,0.7662059910129443,1.08138226219184
building,1.0,483,8,0.35,0.5067467899195985,0.7264120277299929,1.0606009606036124
building,1.0,483,8,0.5,0.5014393449333132,0.7165695393271512,1.0653397572398349
building,1.0,483,8,0.7,0.5234914939784061,0.7474471046897745,1.0921205059718364
building,1.0,483,8,0.85,0.549477417233502,0.782578091181065,1.1087742782008008
building,1.0,483,8,1.0,0.6144265312227734,0.8733846273919671,1.2229320504142662
building,1.0,483,9,0.2,0.5304677403331921,0.7599319382650161,1.0619677955987712
building,1.0,483,9,0.35,0.5056452839432761,0.7252305807335601,1.0599386773770136
building,1.0,483,9,0.5,0.5091285819634541,0.7283183895158015,1.0721514805985242
building,1.0,483,9,0.7,0.5162343446673119,0.7374903982886198,1.0801283253082914
building,1.0,483,9,0.85,0.5420769329397122,0.7725359252370707,1.0959622250837493
building,1.0,483,9,1.0,0.605725503618718,0.8606120387228988,1.2304961575564737
building,0.75,362,0,0.2,0.5874654606248788,0.840192736853572,1.216993014953049
building,0.75,362,0,0.35,0.5768636847623507,0.8240146561137617,1.1924807745482124
building,0.75,362,0,0.5,0.5737910216638338,0.8178706635274036,1.1923041558250647
building,0.75,362,0,0.7,0.5892938801852177,0.8374200120379557,1.210541366365327
building,0.75,362,0,0.85,0.6118720154287204,0.869811322433322,1.254722595106708
building,0.75,362,0,1.0,0.6533503896302668,0.9275303605461492,1.3335921415485326
building,0.75,362,1,0.2,0.567095882386229,0.8092806735728317,1.1228405034072422
building,0.75,362,1,0.35,0.5626571609511378,0.8030203849919366,1.1220080212056014
building,0.75,362,1,0.5,0.5637180365421542,0.803669900458603,1.1394560101214481
building,0.75,362,1,0.7,0.5851301553152075,0.8337045721137535,1.1821663129082358
building,0.75,362,1,0.85,0.6252931998044786,0.8914007849387496,1.1850795678518242
building,0.75,362,1,1.0,0.7167189401415847,1.0231960806190996,1.3283948123657159
building,0.75,362,2,0.2,0.580427019314644,0.8369310892887355,1.243104179023955
building,0.75,362,2,0.35,0.560371738294465,0.805144531213221,1.1874697365893028
building,0.75,362,2,0.5,0.5713176056040017,0.8173495782856254,1.1758385936393696
building,0.75,362,2,0.7,0.605170495272749,0.8624853296233587,1.2557611237811146
building,0.75,362,2,0.85,0.6602067689421016,0.9408343198461774,1.2555671217166218
building,0.75,362,2,1.0,0.7625106679916965,1.0865567333558053,1.3107284973363251
building,0.75,362,3,0.2,0.5997062030456375,0.8541059154426605,1.1879939281127265
building,0.75,362,3,0.35,0.5929185164163593,0.8454708382815874,1.1870587140836075
building,0.75,362,3,0.5,0.5923065691007463,0.8435312389042704,1.2120993345954252
building,0.75,362,3,0.7,0.6140849799971423,0.8739002747643647,1.2560281843708976
building,0.75,362,3,0.85,0.6376022666138338,0.9056837605253484,1.283525769011595
building,0.75,362,3,1.0,0.6927801037322954,0.9808909125135029,1.335449886305789
building,0.75,362,4,0.2,0.5683872561212971,0.8142704561710323,1.1384744163307616
building,0.75,362,4,0.35,0.5419685058288997,0.7741677019009112,1.1144227202516324
building,0.75,362,4,0.5,0.5486519948571885,0.7845570188568698,1.1101880919171099
building,0.75,362,4,0.7,0.5591026830666187,0.7977967399273264,1.0993114208427162
building,0.75,362,4,0.85,0.5884291895032836,0.8374002861144836,1.158210170033465
building,0.75,362,4,1.0,0.6351421621074205,0.9015499742911868,1.2396854437374045
building,0.75,362,5,0.2,0.582883682266797,0.8343882093381466,1.2300577222204068
building,0.75,362,5,0.35,0.5670187098184323,0.8121184837215594,1.160011033957982
building,0.75,362,5,0.5,0.5714766027212386,0.8165161778303507,1.164961115083346
building,0.75,362,5,0.7,0.5895844513142706,0.8416899996928991,1.2016746517231105
building,0.75,362,5,0.85,0.6198476083270887,0.8830857606086131,1.196216368386579
building,0.75,362,5,1.0,0.7012413485251764,0.9950119701066915,1.3395297682395857
building,0.75,362,6,0.2,0.5776571276307024,0.8289136478454434,1.196669543388034
building,0.75,362,6,0.35,0.5665225583688742,0.8139222542785721,1.1651075484105746
building,0.75,362,6,0.5,0.5724956100710127,0.8195046794616442,1.1646154730200051
building,0.75,362,6,0.7,0.5973146276508291,0.8553612112554692,1.2046003486608328
building,0.75,362,6,0.85,0.6444995094486566,0.9220160573047744,1.2573955609814924
building,0.75,362,6,1.0,0.7293260126663834,1.0450572576521646,1.374769798911803
building,0.75,362,7,0.2,0.5790701801922823,0.827861794723511,1.2169617898813625
building,0.75,362,7,0.35,0.5759567407267774,0.8230173585789228,1.2130360257489863
building,0.75,362,7,0.5,0.565907434565479,0.8069714343960167,1.1903794352994097
building,0.75,362,7,0.7,0.5775902464347993,0.8218621456169093,1.2002402991410397
building,0.75,362,7,0.85,0.6080858190915827,0.8647549292768018,1.201458779503855
building,0.75,362,7,1.0,0.6610751574289362,0.93852379898514,1.2817060505404938
building,0.75,362,8,0.2,0.5867956606323429,0.8424277139609522,1.1883617283898884
building,0.75,362,8,0.35,0.558322772396137,0.799832762525008,1.1577244894828334
building,0.75,362,8,0.5,0.5719405064880478,0.818259231936857,1.1928151574736106
building,0.75,362,8,0.7,0.6045034036838834,0.8635827226548274,1.2237419488648595
building,0.75,362,8,0.85,0.6545189449803093,0.9355938185406125,1.2376186811776877
building,0.75,362,8,1.0,0.7605055129219328,1.0917624669664778,1.3780232218652921
building,0.75,362,9,0.2,0.5710978920939455,0.8155969902618014,1.1360158441742203
building,0.75,362,9,0.35,0.5529286364474544,0.7875530719196939,1.1019495449867156
building,0.75,362,9,0.5,0.5452633906242956,0.7751804011310489,1.0920613517602817
building,0.75,362,9,0.7,0.5733007547867768,0.8128706451485591,1.1385915753745326
building,0.75,362,9,0.85,0.61946337957879,0.877287316948095,1.1823397125113153
building,0.75,362,9,1.0,0.7351416242772326,1.0397714500522772,1.395279612981126
building,0.5,242,0,0.2,0.6625638395440441,0.9476181411884398,1.3717712635503132
building,0.5,242,0,0.35,0.6466904662266353,0.9182945391251122,1.2886195712607114
building,0.5,242,0,0.5,0.6724756781525196,0.9510567764510922,1.2799378105442878
building,0.5,242,0,0.7,0.765351362275158,1.0908433142611929,1.3125058475772828
building,0.5,242,0,0.85,0.862804157975429,1.2448476083979805,1.3403887494284112
building,0.5,242,0,1.0,1.020663287822917,1.4889223709195647,1.6545396871529263
building,0.5,242,1,0.2,0.6956451610133121,0.9970224492761368,1.3809041961875466
building,0.5,242,1,0.35,0.6834245268939956,0.9773823351894902,1.348849879397633
building,0.5,242,1,0.5,0.6988797501735766,0.9991982509262554,1.3541098913591354
building,0.5,242,1,0.7,0.7236439046019818,1.029925225553102,1.4361852248230391
building,0.5,242,1,0.85,0.7539693549052647,1.070184540601945,1.4605366134471542
building,0.5,242,1,1.0,0.8160804931373873,1.1562473916113136,1.6238020367023918
building,0.5,242,2,0.2,0.6697104293580314,0.9564566154471955,1.311369357928496
building,0.5,242,2,0.35,0.6631214997924308,0.943777220274697,1.3194001666042101
building,0.5,242,2,0.5,0.698820006903358,0.993008221774387,1.3572429406387863
building,0.5,242,2,0.7,0.7545557261840028,1.0702496113561388,1.4505361739267593
building,0.5,242,2,0.85,0.8098806467578383,1.1481046019153496,1.5116938842459708
building,0.5,242,2,1.0,0.9441618867264596,1.3393748283500067,1.8159295140505864
building,0.5,242,3,0.2,0.6364877082938329,0.9099677716780207,1.3179576595780902
building,0.5,242,3,0.35,0.6367412279726287,0.9070189460829685,1.2681463637867958
building,0.5,242,3,0.5,0.6551518789068125,0.9324350194028562,1.2814157794610606
building,0.5,242,3,0.7,0.6905894344944393,0.9795914088546749,1.3208012719557776
building,0.5,242,3,0.85,0.7432062094907235,1.051569288617304,1.451341558158288
building,0.5,242,3,1.0,0.8558936398925775,1.21051324432038,1.772346797285253
building,0.5,242,4,0.2,0.6994293817166297,1.0099175148458674,1.4895877207853498
building,0.5,242,4,0.35,0.6857547182051489,0.9888701687743563,1.4985316746830872
building,0.5,242,4,0.5,0.7100505411277735,1.0152944742251055,1.533941719857396
building,0.5,242,4,0.7,0.7481517092803571,1.0612538600898258,1.5660062573059468
building,0.5,242,4,0.85,0.8120804593770319,1.149102760912299,1.6341894603641705
building,0.5,242,4,1.0,0.893446888985169,1.2637896687480799,1.7205221961122577
building,0.5,242,5,0.2,0.6568377868661383,0.9417468945620107,1.3566813838419598
building,0.5,242,5,0.35,0.6289084356163137,0.8992595899198924,1.2791350188730386
building,0.5,242,5,0.5,0.6388044415493188,0.9134780172780921,1.3063114482689373
building,0.5,242,5,0.7,0.669544311821239,0.95349069741812,1.3503189235802076
building,0.5,242,5,0.85,0.7537377604206408,1.0689491224633163,1.4936813582500998
building,0.5,242,5,1.0,0.8970078766629521,1.2708422682849114,1.6843655139654385
building,0.5,242,6,0.2,0.6992783291277209,1.0054564142956264,1.5243083500683607
building,0.5,242,6,0.35,0.6824806899634137,0.9782926256624734,1.439526310954583
building,0.5,242,6,0.5,0.6951793017961636,0.9928842357799712,1.4078837965250606
building,0.5,242,6,0.7,0.7241862311504117,1.0297401181373227,1.493717508357246
building,0.5,242,6,0.85,0.7883887378244365,1.1190364504154862,1.5414197350706622
building,0.5,242,6,1.0,0.8868189652824725,1.2556421150845507,1.68235311394487
building,0.5,242,7,0.2,0.6660095500254228,0.956544387359791,1.420804417936768
building,0.5,242,7,0.35,0.6603278962388891,0.9522200072138606,1.4110556316661176
building,0.5,242,7,0.5,0.6611611815871428,0.951695842661511,1.3745346846186102
building,0.5,242,7,0.7,0.685364057960564,0.9839045035558076,1.441240851407179
building,0.5,242,7,0.85,0.7296130922135459,1.042148452105752,1.4888994578656924
building,0.5,242,7,1.0,0.7838763384393037,1.112290935859772,1.5897741687870033
building,0.5,242,8,0.2,0.730684795597031,1.0669415697251405,1.552037499466034
building,0.5,242,8,0.35,0.7230397291763433,1.0523573342310364,1.5199956550100024
building,0.5,242,8,0.5,0.729907169740193,1.058603409703388,1.5140365895542092
building,0.5,242,8,0.7,0.7661153409410506,1.1066023903437339,1.5167400388215118
building,0.5,242,8,0.85,0.8296793463095691,1.1893529076744676,1.6231103467606007
building,0.5,242,8,1.0,0.961019431441515,1.3699529042846952,1.6960162734218278
building,0.5,242,9,0.2,0.6998409628307521,1.013397175041233,1.557661573312085
building,0.5,242,9,0.35,0.6852835507722514,0.9913578322544927,1.3925108107126767
building,0.5,242,9,0.5,0.6909072969671799,0.9966819162292274,1.3783384199726547
building,0.5,242,9,0.7,0.7536089254299738,1.084155189464482,1.392548741454669
building,0.5,242,9,0.85,0.8113788190075544,1.1622205438094915,1.543379276577394
building,0.5,242,9,1.0,0.9344270660518184,1.329054720271476,1.7794397831615412
building,0.25,121,0,0.2,0.9687319883718097,1.379241162099113,2.1637652360929827
building,0.25,121,0,0.35,0.9749472888953765,1.3849779374458424,2.158654533814654
building,0.25,121,0,0.5,0.9715138809855948,1.3835076822765529,2.0900870795256354
building,0.25,121,0,0.7,0.9861718416690362,1.4025622526421733,2.1637654096643155
building,0.25,121,0,0.85,1.0863876663745913,1.5398650182478593,2.408501763289777
building,0.25,121,0,1.0,1.2609810312862404,1.7837954061336172,2.862941843628683
building,0.25,121,1,0.2,0.9371378044354521,1.339924018935371,2.146327652572516
building,0.25,121,1,0.35,0.9253032486831937,1.3269822309661083,2.0740877512776557
building,0.25,121,1,0.5,0.9432692590869658,1.3484353314811142,2.0492284389345987
building,0.25,121,1,0.7,0.9653263608353173,1.3764025254842165,2.1006351345834497
building,0.25,121,1,0.85,1.0294048777214495,1.4621985860448117,2.3098315068531696
building,0.25,121,1,1.0,1.1113261500493268,1.5744046942574168,2.397469977880905
building,0.25,121,2,0.2,0.9022345416957973,1.295582730403873,2.0636356267519687
building,0.25,121,2,0.35,0.9034325453987604,1.2906456905489185,1.999894997187348
building,0.25,121,2,0.5,0.9276514129802048,1.3209395893613525,1.995540019008104
building,0.25,121,2,0.7,1.0155895852221097,1.440256756241529,2.1588079113360816
building,0.25,121,2,0.85,1.0667433443072971,1.510730450659305,2.1110945028586476
building,0.25,121,2,1.0,1.2111145752472599,1.7127862674931766,2.3562428455857725
building,0.25,121,3,0.2,0.8650004322980345,1.2363198739879617,1.815666599295721
building,0.25,121,3,0.35,0.8731541743624505,1.242636349149024,1.8479400407288997
building,0.25,121,3,0.5,0.8843989437886179,1.254275139336355,1.8298195487882416
building,0.25,121,3,0.7,0.9029225885157219,1.278111269405419,1.8791016999648715
building,0.25,121,3,0.85,0.9424279551660685,1.3329187482805618,1.8809976076539814
building,0.25,121,3,1.0,0.9994069055335495,1.4134118598393715,1.9753307528166018
building,0.25,121,4,0.2,0.9289605945225808,1.3398368591043741,2.1934445969618968
building,0.25,121,4,0.35,0.9345852893276637,1.343075378419767,2.2555692850196865
building,0.25,121,4,0.5,0.9696864296475675,1.3886239963914988,2.236494040900674
building,0.25,121,4,0.7,1.0200836152304578,1.4557976359416913,2.290185494667745
building,0.25,121,4,0.85,1.1096156113713391,1.5767117698682567,2.303410514867031
building,0.25,121,4,1.0,1.2467941279373784,1.765760717102658,2.532072668783421
building,0.25,121,5,0.2,0.900481789820812,1.2805398925266644,1.935513365889398
building,0.25,121,5,0.35,0.8904364127473735,1.2660815513855772,1.9269908147111123
building,0.25,121,5,0.5,0.9152607376985212,1.2997664686227195,1.9532238988593178
building,0.25,121,5,0.7,0.9712521061732127,1.3776194672100344,2.046840881567694
building,0.25,121,5,0.85,1.0444204714457888,1.4787661193168489,2.208088402139983
building,0.25,121,5,1.0,1.149772466094878,1.6267628218693566,2.538255382114789
building,0.25,121,6,0.2,0.8456890828101575,1.2062200735769018,1.739306296752426
building,0.25,121,6,0.35,0.8538330662805927,1.2118507537672516,1.7330858022894549
building,0.25,121,6,0.5,0.8720843807344778,1.2360787953616574,1.7695523727273907
building,0.25,121,6,0.7,0.9187045782587867,1.3015237497221388,1.7814870193184114
building,0.25,121,6,0.85,0.9851344420932864,1.3941119838016145,1.8339214814162572
building,0.25,121,6,1.0,1.096317028226999,1.5517118190237658,2.0829258268118904
building,0.25,121,7,0.2,0.9229773762039137,1.3251586398445723,2.0360863407187706
building,0.25,121,7,0.35,0.9357952189539309,1.3431289698943254,2.0062599033531106
building,0.25,121,7,0.5,0.975369189183271,1.399791873044229,2.1203118637143397
building,0.25,121,7,0.7,1.0238351284053646,1.4680195193608014,2.20572744977006
building,0.25,121,7,0.85,1.1165387599310075,1.598043499406636,2.227127385458492
building,0.25,121,7,1.0,1.2197458851549527,1.7390229636592416,2.2399035693529306
building,0.25,121,8,0.2,0.9853577176370344,1.4148646673954455,2.121368237717083
building,0.25,121,8,0.35,1.0565399382360146,1.5024194440116365,2.35426705414156
building,0.25,121,8,0.5,1.1263361670167562,1.5974945895125943,2.5520967066253903
building,0.25,121,8,0.7,1.1820929794504034,1.6749474695602136,2.6113780464318883
building,0.25,121,8,0.85,1.284047237544887,1.8160012597082784,2.8989798205575714
building,0.25,121,8,1.0,1.4789571310407492,2.095796162792279,3.0772975156783273
building,0.25,121,9,0.2,0.8994084810426736,1.2969403216430444,1.847502744779205
building,0.25,121,9,0.35,0.9050248209000701,1.2995514722935992,1.9509669397506453
building,0.25,121,9,0.5,0.9456514615715215,1.3498706500653153,2.0633412704327285
building,0.25,121,9,0.7,0.9913634707505837,1.4098294113765644,2.1466788300909347
building,0.25,121,9,0.85,1.0714942381871317,1.5181513031464562,2.2221552562442075
building,0.25,121,9,1.0,1.204279463034116,1.7034391576254362,2.4127793102561204
