dataset,ratio,mtry,oob_paper_metric_m,test_paper_metric_m,sample_cv_paper_metric_m,group_cv_paper_metric_m
office,0.2,1,0.047176293355704,0.4113807387826258,0.0492327971317697,0.41825884473219177
office,0.35,2,0.041405092548321774,0.3559326834056993,0.04382820534739635,0.4262530335225781
office,0.5,3,0.04660807421924484,0.33573991734628134,0.04736178533876033,0.4440340894556925
office,0.7,4,0.05228974810777104,0.33764969041710635,0.05407216670227248,0.4576359524214497
office,0.85,5,0.06045441212276275,0.34480133917735833,0.061966495548875095,0.5188843717138053
office,1.0,6,0.07194441018260768,0.37652968786149443,0.07282445922307856,0.6047176230761611
apartment,0.2,1,0.10358419591012447,0.7147200930182194,0.11320701736028284,0.6686180660502457
apartment,0.35,2,0.08949973389895147,0.6311994251719775,0.09682584015660056,0.6196948775727434
apartment,0.5,4,0.08711576088946849,0.5717260557173008,0.09453744206021394,0.6117428211884972
apartment,0.7,5,0.08877225639709249,0.5608414545943602,0.0973254338988235,0.6201783296705088
apartment,0.85,6,0.09161435110608446,0.5630961031838774,0.10022944161311864,0.631397277957476
apartment,1.0,8,0.10572930683071047,0.5968234767269425,0.1138370587319698,0.7035603148547157
building,0.2,5,0.19611625540679528,0.5392732875307404,0.20177485700757575,0.6633414873069075
building,0.35,9,0.19309413783711002,0.5100771927488807,0.19967684307791267,0.6491973955818244
building,0.5,13,0.19845356292676594,0.5051046930926181,0.20617678828286204,0.6704362186381143
building,0.7,18,0.20741869301060567,0.5257856001271912,0.21967545871891553,0.7073649310987493
building,0.85,22,0.22036091639955205,0.5371089254177789,0.23891181559241287,0.7705596038443433
building,1.0,26,0.2507989838579179,0.6047337073903303,0.2695861966280972,0.8869030816482121
