dataset,split,cal_rps,score,rule,confidence,coverage,rp_coverage_min,mean_area_m2
office,0,7,circle,scan-level,0.9,0.812037037037037,0.1,2.6173428570905313
office,0,7,circle,RP-corrected,0.9,0.9768518518518519,0.7916666666666666,5.189346428773367
office,0,7,circle,scan-level,0.95,0.8666666666666667,0.11666666666666667,3.082319848003396
office,0,7,circle,RP-corrected,0.95,0.9768518518518519,0.7916666666666666,5.189346428773367
office,0,7,normalised,scan-level,0.9,0.7407407407407407,0.10833333333333334,2.19018570179821
office,0,7,normalised,RP-corrected,0.9,0.9879629629629629,0.9,4.416944714290567
office,0,7,normalised,scan-level,0.95,0.8564814814814815,0.3,2.8197153356797893
office,0,7,normalised,RP-corrected,0.95,0.9879629629629629,0.9,4.416944714290567
office,1,7,circle,scan-level,0.9,0.8740740740740741,0.0,2.217917772128129
office,1,7,circle,RP-corrected,0.9,0.9296296296296296,0.36666666666666664,6.030168318438034
office,1,7,circle,scan-level,0.95,0.8768518518518519,0.016666666666666666,2.4285857428334396
office,1,7,circle,RP-corrected,0.95,0.9296296296296296,0.36666666666666664,6.030168318438034
office,1,7,normalised,scan-level,0.9,0.6935185185185185,0.075,1.442296104863849
office,1,7,normalised,RP-corrected,0.9,0.9166666666666666,0.36666666666666664,3.0907437985129937
office,1,7,normalised,scan-level,0.95,0.7574074074074074,0.075,1.6314693211467244
office,1,7,normalised,RP-corrected,0.95,0.9166666666666666,0.36666666666666664,3.0907437985129937
office,2,7,circle,scan-level,0.9,0.8814814814814815,0.525,1.3883981844044293
office,2,7,circle,RP-corrected,0.9,0.9990740740740741,0.9916666666666667,3.0148673631459793
office,2,7,circle,scan-level,0.95,0.9185185185185185,0.675,1.5759195610452132
office,2,7,circle,RP-corrected,0.95,0.9990740740740741,0.9916666666666667,3.0148673631459793
office,2,7,normalised,scan-level,0.9,0.9351851851851852,0.7666666666666667,1.9984416903520434
office,2,7,normalised,RP-corrected,0.9,0.9972222222222222,0.9833333333333333,3.0172225376127684
office,2,7,normalised,scan-level,0.95,0.9416666666666667,0.7833333333333333,2.1772069070384505
office,2,7,normalised,RP-corrected,0.95,0.9972222222222222,0.9833333333333333,3.0172225376127684
office,3,7,circle,scan-level,0.9,0.9990740740740741,0.9916666666666667,5.106559235016505
office,3,7,circle,RP-corrected,0.9,0.9990740740740741,0.9916666666666667,5.995083487284967
office,3,7,circle,scan-level,0.95,0.9990740740740741,0.9916666666666667,5.4685002789509
office,3,7,circle,RP-corrected,0.95,0.9990740740740741,0.9916666666666667,5.995083487284967
office,3,7,normalised,scan-level,0.9,0.9990740740740741,0.9916666666666667,4.419752837662635
office,3,7,normalised,RP-corrected,0.9,1.0,1.0,10.339656257753422
office,3,7,normalised,scan-level,0.95,0.9990740740740741,0.9916666666666667,5.09798507948931
office,3,7,normalised,RP-corrected,0.95,1.0,1.0,10.339656257753422
office,4,7,circle,scan-level,0.9,0.9277777777777778,0.35833333333333334,4.787579946222171
office,4,7,circle,RP-corrected,0.9,0.9287037037037037,0.35833333333333334,5.642833227815299
office,4,7,circle,scan-level,0.95,0.9277777777777778,0.35833333333333334,4.929104422700381
office,4,7,circle,RP-corrected,0.95,0.9287037037037037,0.35833333333333334,5.642833227815299
office,4,7,normalised,scan-level,0.9,0.8768518518518519,0.35833333333333334,2.2465596504719234
office,4,7,normalised,RP-corrected,0.9,0.9990740740740741,0.9916666666666667,8.319300305174359
office,4,7,normalised,scan-level,0.95,0.8824074074074074,0.35833333333333334,2.2789359329471663
office,4,7,normalised,RP-corrected,0.95,0.9990740740740741,0.9916666666666667,8.319300305174359
office,5,7,circle,scan-level,0.9,0.9962962962962963,0.9666666666666667,9.61598259299711
office,5,7,circle,RP-corrected,0.9,1.0,1.0,12.81545903886942
office,5,7,circle,scan-level,0.95,1.0,1.0,12.209289992123665
office,5,7,circle,RP-corrected,0.95,1.0,1.0,12.81545903886942
office,5,7,normalised,scan-level,0.9,0.9555555555555556,0.7833333333333333,4.801005437900401
office,5,7,normalised,RP-corrected,0.9,0.9888888888888889,0.925,6.649582759528529
office,5,7,normalised,scan-level,0.95,0.9648148148148148,0.8416666666666667,5.200175219584499
office,5,7,normalised,RP-corrected,0.95,0.9888888888888889,0.925,6.649582759528529
office,6,7,circle,scan-level,0.9,0.9981481481481481,0.9916666666666667,2.940390685522183
office,6,7,circle,RP-corrected,0.9,1.0,1.0,11.73509916810675
office,6,7,circle,scan-level,0.95,0.9990740740740741,0.9916666666666667,3.1519836528057827
office,6,7,circle,RP-corrected,0.95,1.0,1.0,11.73509916810675
office,6,7,normalised,scan-level,0.9,0.9472222222222222,0.6333333333333333,2.5768914926210558
office,6,7,normalised,RP-corrected,0.9,0.9981481481481481,0.9916666666666667,5.782352998822274
office,6,7,normalised,scan-level,0.95,0.9490740740740741,0.6333333333333333,2.714148843839906
office,6,7,normalised,RP-corrected,0.95,0.9981481481481481,0.9916666666666667,5.782352998822274
office,7,7,circle,scan-level,0.9,0.9407407407407408,0.65,3.08148879639009
office,7,7,circle,RP-corrected,0.9,0.9935185185185185,0.9416666666666667,6.45555834641444
office,7,7,circle,scan-level,0.95,0.975925925925926,0.8166666666666667,4.079849165794598
office,7,7,circle,RP-corrected,0.95,0.9935185185185185,0.9416666666666667,6.45555834641444
office,7,7,normalised,scan-level,0.9,0.9009259259259259,0.18333333333333332,2.9500314772399725
office,7,7,normalised,RP-corrected,0.9,1.0,1.0,11.132873148128244
office,7,7,normalised,scan-level,0.95,0.9314814814814815,0.39166666666666666,3.766006791153125
office,7,7,normalised,RP-corrected,0.95,1.0,1.0,11.132873148128244
office,8,7,circle,scan-level,0.9,0.9981481481481481,0.9916666666666667,2.756410311407662
office,8,7,circle,RP-corrected,0.9,1.0,1.0,8.09992042771727
office,8,7,circle,scan-level,0.95,0.9990740740740741,0.9916666666666667,3.1791265211499504
office,8,7,circle,RP-corrected,0.95,1.0,1.0,8.09992042771727
office,8,7,normalised,scan-level,0.9,0.8777777777777778,0.25833333333333336,1.6773470429544586
office,8,7,normalised,RP-corrected,0.9,0.9990740740740741,0.9916666666666667,5.087069049631
office,8,7,normalised,scan-level,0.95,0.9111111111111111,0.4083333333333333,1.8213609359491072
office,8,7,normalised,RP-corrected,0.95,0.9990740740740741,0.9916666666666667,5.087069049631
office,9,7,circle,scan-level,0.9,1.0,1.0,11.673868730545479
office,9,7,circle,RP-corrected,0.9,1.0,1.0,16.301735009761686
office,9,7,circle,scan-level,0.95,1.0,1.0,11.87355959341938
office,9,7,circle,RP-corrected,0.95,1.0,1.0,16.301735009761686
office,9,7,normalised,scan-level,0.9,0.9972222222222222,0.975,6.029789065526308
office,9,7,normalised,RP-corrected,0.9,0.9990740740740741,0.9916666666666667,7.699955420636346
office,9,7,normalised,scan-level,0.95,0.9972222222222222,0.975,6.378537121875032
office,9,7,normalised,RP-corrected,0.95,0.9990740740740741,0.9916666666666667,7.699955420636346
office,10,7,circle,scan-level,0.9,0.9685185185185186,0.725,3.9414104200892695
office,10,7,circle,RP-corrected,0.9,1.0,1.0,15.109891371707887
office,10,7,circle,scan-level,0.95,0.9712962962962963,0.75,4.3100938218951015
office,10,7,circle,RP-corrected,0.95,1.0,1.0,15.109891371707887
office,10,7,normalised,scan-level,0.9,0.8962962962962963,0.3416666666666667,3.7529185274975583
office,10,7,normalised,RP-corrected,0.9,0.9777777777777777,0.85,8.274716222221308
office,10,7,normalised,scan-level,0.95,0.9481481481481482,0.7,4.407840319645003
office,10,7,normalised,RP-corrected,0.95,0.9777777777777777,0.85,8.274716222221308
office,11,7,circle,scan-level,0.9,0.9990740740740741,0.9916666666666667,6.775513217537438
office,11,7,circle,RP-corrected,0.9,1.0,1.0,11.118458871033331
office,11,7,circle,scan-level,0.95,1.0,1.0,9.987686686753918
office,11,7,circle,RP-corrected,0.95,1.0,1.0,11.118458871033331
office,11,7,normalised,scan-level,0.9,0.9268518518518518,0.38333333333333336,2.930508272830967
office,11,7,normalised,RP-corrected,0.9,1.0,1.0,10.090510060711006
office,11,7,normalised,scan-level,0.95,0.987037037037037,0.8916666666666667,3.908170459173989
office,11,7,normalised,RP-corrected,0.95,1.0,1.0,10.090510060711006
office,12,7,circle,scan-level,0.9,0.9990740740740741,0.9916666666666667,4.361452811597442
office,12,7,circle,RP-corrected,0.9,1.0,1.0,10.634367693014418
office,12,7,circle,scan-level,0.95,1.0,1.0,6.448801535471469
office,12,7,circle,RP-corrected,0.95,1.0,1.0,10.634367693014418
office,12,7,normalised,scan-level,0.9,0.9453703703703704,0.6333333333333333,2.265180620072477
office,12,7,normalised,RP-corrected,0.9,1.0,1.0,5.1626408373481345
office,12,7,normalised,scan-level,0.95,0.9898148148148148,0.9333333333333333,3.0626516389773144
office,12,7,normalised,RP-corrected,0.95,1.0,1.0,5.1626408373481345
office,13,7,circle,scan-level,0.9,0.9990740740740741,0.9916666666666667,4.972008365554301
office,13,7,circle,RP-corrected,0.9,1.0,1.0,12.537013389197137
office,13,7,circle,scan-level,0.95,1.0,1.0,8.963599850015747
office,13,7,circle,RP-corrected,0.95,1.0,1.0,12.537013389197137
office,13,7,normalised,scan-level,0.9,0.9879629629629629,0.925,3.364307420608079
office,13,7,normalised,RP-corrected,0.9,1.0,1.0,11.250444957794718
office,13,7,normalised,scan-level,0.95,0.9981481481481481,0.9833333333333333,5.031022498127361
office,13,7,normalised,RP-corrected,0.95,1.0,1.0,11.250444957794718
office,14,7,circle,scan-level,0.9,0.8962962962962963,0.08333333333333333,1.7300398893668434
office,14,7,circle,RP-corrected,0.9,0.9435185185185185,0.5,2.9982391043440844
office,14,7,circle,scan-level,0.95,0.9074074074074074,0.175,2.3385214275583204
office,14,7,circle,RP-corrected,0.95,0.9435185185185185,0.5,2.9982391043440844
office,14,7,normalised,scan-level,0.9,0.8796296296296297,0.11666666666666667,2.043212793368445
office,14,7,normalised,RP-corrected,0.9,0.9907407407407407,0.9166666666666666,7.029060105865511
office,14,7,normalised,scan-level,0.95,0.912962962962963,0.225,3.0953500697274445
office,14,7,normalised,RP-corrected,0.95,0.9907407407407407,0.9166666666666666,7.029060105865511
office,15,7,circle,scan-level,0.9,0.9277777777777778,0.35833333333333334,4.3884222430831805
office,15,7,circle,RP-corrected,0.9,0.9287037037037037,0.35833333333333334,6.0102303062544475
office,15,7,circle,scan-level,0.95,0.9287037037037037,0.35833333333333334,5.1908856808919275
office,15,7,circle,RP-corrected,0.95,0.9287037037037037,0.35833333333333334,6.0102303062544475
office,15,7,normalised,scan-level,0.9,0.7546296296296297,0.075,2.391780184694644
office,15,7,normalised,RP-corrected,0.9,0.9009259259259259,0.35833333333333334,4.107644430718845
office,15,7,normalised,scan-level,0.95,0.7925925925925926,0.16666666666666666,2.7428938571818215
office,15,7,normalised,RP-corrected,0.95,0.9009259259259259,0.35833333333333334,4.107644430718845
office,16,7,circle,scan-level,0.9,0.9888888888888889,0.9416666666666667,1.9626187165203746
office,16,7,circle,RP-corrected,0.9,0.9990740740740741,0.9916666666666667,5.082422605551779
office,16,7,circle,scan-level,0.95,0.9953703703703703,0.9666666666666667,2.1808095109600516
office,16,7,circle,RP-corrected,0.95,0.9990740740740741,0.9916666666666667,5.082422605551779
office,16,7,normalised,scan-level,0.9,0.9546296296296296,0.7333333333333333,2.2100501971407125
office,16,7,normalised,RP-corrected,0.9,1.0,1.0,12.151812154109441
office,16,7,normalised,scan-level,0.95,0.9944444444444445,0.9583333333333334,2.8456387382394093
office,16,7,normalised,RP-corrected,0.95,1.0,1.0,12.151812154109441
office,17,7,circle,scan-level,0.9,0.9574074074074074,0.6333333333333333,3.1112043114676213
office,17,7,circle,RP-corrected,0.9,0.9990740740740741,0.9916666666666667,9.680558916618908
office,17,7,circle,scan-level,0.95,0.9601851851851851,0.65,3.3745970871354056
office,17,7,circle,RP-corrected,0.95,0.9990740740740741,0.9916666666666667,9.680558916618908
office,17,7,normalised,scan-level,0.9,0.8694444444444445,0.1,2.251866342157324
office,17,7,normalised,RP-corrected,0.9,0.9564814814814815,0.625,4.050200483536188
office,17,7,normalised,scan-level,0.95,0.875,0.10833333333333334,2.3037742799158525
office,17,7,normalised,RP-corrected,0.95,0.9564814814814815,0.625,4.050200483536188
office,18,7,circle,scan-level,0.9,0.9592592592592593,0.6416666666666667,1.9416617627935153
office,18,7,circle,RP-corrected,0.9,1.0,1.0,18.809089992465037
office,18,7,circle,scan-level,0.95,0.9824074074074074,0.85,2.64267186495696
office,18,7,circle,RP-corrected,0.95,1.0,1.0,18.809089992465037
office,18,7,normalised,scan-level,0.9,0.9435185185185185,0.7666666666666667,2.0308593959192356
office,18,7,normalised,RP-corrected,0.9,1.0,1.0,7.7329302436134
office,18,7,normalised,scan-level,0.95,0.9518518518518518,0.8333333333333334,2.155954057710386
office,18,7,normalised,RP-corrected,0.95,1.0,1.0,7.7329302436134
office,19,7,circle,scan-level,0.9,0.8092592592592592,0.075,2.3501055643942355
office,19,7,circle,RP-corrected,0.9,0.8981481481481481,0.1,4.38733103618223
office,19,7,circle,scan-level,0.95,0.8527777777777777,0.09166666666666666,2.9369002687462955
office,19,7,circle,RP-corrected,0.95,0.8981481481481481,0.1,4.38733103618223
office,19,7,normalised,scan-level,0.9,0.725925925925926,0.016666666666666666,1.4776002414301987
office,19,7,normalised,RP-corrected,0.9,0.8064814814814815,0.11666666666666667,2.4324853923012886
office,19,7,normalised,scan-level,0.95,0.7296296296296296,0.016666666666666666,1.5291032940139466
office,19,7,normalised,RP-corrected,0.95,0.8064814814814815,0.11666666666666667,2.4324853923012886
apartment,0,21,circle,scan-level,0.9,0.9037356321839081,0.06666666666666667,7.778120967849715
apartment,0,21,circle,RP-corrected,0.9,0.9563218390804598,0.25833333333333336,10.442971658381603
apartment,0,21,circle,scan-level,0.95,0.9557471264367816,0.24166666666666667,10.404794019145532
apartment,0,21,circle,RP-corrected,0.95,0.9988505747126437,0.975,24.637203996459952
apartment,0,21,normalised,scan-level,0.9,0.9227011494252874,0.10833333333333334,7.360672242530579
apartment,0,21,normalised,RP-corrected,0.9,0.9873563218390805,0.85,10.816034941322487
apartment,0,21,normalised,scan-level,0.95,0.985919540229885,0.825,10.616368793434749
apartment,0,21,normalised,RP-corrected,0.95,1.0,1.0,36.59802761622603
apartment,1,21,circle,scan-level,0.9,0.8971264367816092,0.016666666666666666,6.1805230858085185
apartment,1,21,circle,RP-corrected,0.9,0.9091954022988505,0.058333333333333334,7.106887778828898
apartment,1,21,circle,scan-level,0.95,0.9083333333333333,0.05,7.052753864841536
apartment,1,21,circle,RP-corrected,0.95,0.9683908045977011,0.13333333333333333,17.89774483067912
apartment,1,21,normalised,scan-level,0.9,0.9287356321839081,0.13333333333333333,6.366847460609628
apartment,1,21,normalised,RP-corrected,0.9,0.9525862068965517,0.3333333333333333,7.899057365103287
apartment,1,21,normalised,scan-level,0.95,0.9525862068965517,0.3333333333333333,7.8844066184476835
apartment,1,21,normalised,RP-corrected,0.95,0.9997126436781609,0.9916666666666667,27.015100222755333
apartment,2,21,circle,scan-level,0.9,0.9327586206896552,0.10833333333333334,8.369717547703571
apartment,2,21,circle,RP-corrected,0.9,0.9956896551724138,0.9666666666666667,12.609518504500633
apartment,2,21,circle,scan-level,0.95,0.9954022988505747,0.9666666666666667,12.502336410946995
apartment,2,21,circle,RP-corrected,0.95,0.9985632183908046,0.9666666666666667,30.969721858742556
apartment,2,21,normalised,scan-level,0.9,0.9402298850574713,0.425,6.472192551400061
apartment,2,21,normalised,RP-corrected,0.9,0.9956896551724138,0.9416666666666667,11.477002237316999
apartment,2,21,normalised,scan-level,0.95,0.9956896551724138,0.9416666666666667,11.269807036878557
apartment,2,21,normalised,RP-corrected,0.95,0.9991379310344828,0.975,26.894620857046426
apartment,3,21,circle,scan-level,0.9,0.8982758620689655,0.041666666666666664,5.439971785859597
apartment,3,21,circle,RP-corrected,0.9,0.9660919540229885,0.5416666666666666,7.631345759074006
apartment,3,21,circle,scan-level,0.95,0.9635057471264368,0.5333333333333333,7.504893890165482
apartment,3,21,circle,RP-corrected,0.95,0.9997126436781609,0.9916666666666667,46.41966637337961
apartment,3,21,normalised,scan-level,0.9,0.9514367816091954,0.5,4.758589175788672
apartment,3,21,normalised,RP-corrected,0.9,0.9689655172413794,0.6083333333333333,6.04420446480075
apartment,3,21,normalised,scan-level,0.95,0.9660919540229885,0.5666666666666667,5.88307010970249
apartment,3,21,normalised,RP-corrected,0.95,1.0,1.0,24.124950749415387
apartment,4,21,circle,scan-level,0.9,0.8994252873563219,0.0,8.218720038401433
apartment,4,21,circle,RP-corrected,0.9,0.9112068965517242,0.0,9.579595646738289
apartment,4,21,circle,scan-level,0.95,0.9109195402298851,0.0,9.558146360064047
apartment,4,21,circle,RP-corrected,0.95,0.9988505747126437,0.975,35.710609357061315
apartment,4,21,normalised,scan-level,0.9,0.8566091954022989,0.0,5.045015916283494
apartment,4,21,normalised,RP-corrected,0.9,0.9563218390804598,0.15,6.629844068794296
apartment,4,21,normalised,scan-level,0.95,0.9551724137931035,0.11666666666666667,6.565044659076959
apartment,4,21,normalised,RP-corrected,0.95,0.9994252873563219,0.9916666666666667,27.653626306140243
apartment,5,21,circle,scan-level,0.9,0.85,0.0,4.971827230921206
apartment,5,21,circle,RP-corrected,0.9,0.917816091954023,0.09166666666666666,6.958938368382978
apartment,5,21,circle,scan-level,0.95,0.9149425287356322,0.08333333333333333,6.866988726633243
apartment,5,21,circle,RP-corrected,0.95,0.9988505747126437,0.9666666666666667,26.052519132917507
apartment,5,21,normalised,scan-level,0.9,0.9080459770114943,0.11666666666666667,4.608484165175893
apartment,5,21,normalised,RP-corrected,0.9,0.957471264367816,0.45,6.0097273276786405
apartment,5,21,normalised,scan-level,0.95,0.9514367816091954,0.39166666666666666,5.850721783705693
apartment,5,21,normalised,RP-corrected,0.95,1.0,1.0,33.81862229206651
apartment,6,21,circle,scan-level,0.9,0.8382183908045977,0.0,4.29198054882648
apartment,6,21,circle,RP-corrected,0.9,0.925,0.0,10.809491471506847
apartment,6,21,circle,scan-level,0.95,0.9238505747126436,0.0,10.732018288704849
apartment,6,21,circle,RP-corrected,0.95,0.9991379310344828,0.975,44.14867187595263
apartment,6,21,normalised,scan-level,0.9,0.8275862068965517,0.0,4.078045983997408
apartment,6,21,normalised,RP-corrected,0.9,0.9100574712643679,0.0,6.094791554674754
apartment,6,21,normalised,scan-level,0.95,0.9089080459770115,0.0,6.055792797757697
apartment,6,21,normalised,RP-corrected,0.95,1.0,1.0,37.488325955341615
apartment,7,21,circle,scan-level,0.9,0.878735632183908,0.0,6.200950977879219
apartment,7,21,circle,RP-corrected,0.9,0.896264367816092,0.0,7.584184672813135
apartment,7,21,circle,scan-level,0.95,0.8951149425287356,0.0,7.457411104816882
apartment,7,21,circle,RP-corrected,0.95,0.9744252873563218,0.3,13.89149741157229
apartment,7,21,normalised,scan-level,0.9,0.9048850574712644,0.041666666666666664,5.123648142871972
apartment,7,21,normalised,RP-corrected,0.9,0.9341954022988506,0.20833333333333334,5.9315549627904955
apartment,7,21,normalised,scan-level,0.95,0.9313218390804597,0.2,5.823776647230889
apartment,7,21,normalised,RP-corrected,0.95,0.9994252873563219,0.9833333333333333,21.92974527430746
apartment,8,21,circle,scan-level,0.9,0.9224137931034483,0.0,6.154079420797308
apartment,8,21,circle,RP-corrected,0.9,0.9347701149425287,0.0,7.892766480238637
apartment,8,21,circle,scan-level,0.95,0.9344827586206896,0.0,7.785479834481488
apartment,8,21,circle,RP-corrected,0.95,0.9985632183908046,0.9666666666666667,44.46078433086593
apartment,8,21,normalised,scan-level,0.9,0.9589080459770115,0.008333333333333333,7.001726170717654
apartment,8,21,normalised,RP-corrected,0.9,0.9652298850574713,0.06666666666666667,9.625565971069227
apartment,8,21,normalised,scan-level,0.95,0.9652298850574713,0.06666666666666667,9.30791398530543
apartment,8,21,normalised,RP-corrected,0.95,0.9994252873563219,0.9833333333333333,27.360978928338987
apartment,9,21,circle,scan-level,0.9,0.8709770114942529,0.0,4.987341169426868
apartment,9,21,circle,RP-corrected,0.9,0.9063218390804598,0.0,6.971066423990307
apartment,9,21,circle,scan-level,0.95,0.9057471264367816,0.0,6.92062400703462
apartment,9,21,circle,RP-corrected,0.95,0.9991379310344828,0.9833333333333333,34.528292827367665
apartment,9,21,normalised,scan-level,0.9,0.853448275862069,0.0,3.52479763784699
apartment,9,21,normalised,RP-corrected,0.9,0.9086206896551724,0.041666666666666664,5.325194565267817
apartment,9,21,normalised,scan-level,0.95,0.9011494252873563,0.025,5.158315916826085
apartment,9,21,normalised,RP-corrected,0.95,0.9997126436781609,0.9916666666666667,21.717047708623575
apartment,10,21,circle,scan-level,0.9,0.9344827586206896,0.075,9.962481900951666
apartment,10,21,circle,RP-corrected,0.9,0.9511494252873564,0.125,14.020651552817732
apartment,10,21,circle,scan-level,0.95,0.9511494252873564,0.125,13.906448376674433
apartment,10,21,circle,RP-corrected,0.95,0.9994252873563219,0.9833333333333333,37.72028768552718
apartment,10,21,normalised,scan-level,0.9,0.9729885057471265,0.44166666666666665,9.291307334508204
apartment,10,21,normalised,RP-corrected,0.9,0.9939655172413793,0.85,13.28624816942846
apartment,10,21,normalised,scan-level,0.95,0.9933908045977011,0.8416666666666667,13.179923627122397
apartment,10,21,normalised,RP-corrected,0.95,0.9994252873563219,0.9833333333333333,21.302473216362273
apartment,11,21,circle,scan-level,0.9,0.896551724137931,0.008333333333333333,5.608220408741127
apartment,11,21,circle,RP-corrected,0.9,0.9290229885057472,0.016666666666666666,8.413154967023988
apartment,11,21,circle,scan-level,0.95,0.9287356321839081,0.016666666666666666,8.24477766450737
apartment,11,21,circle,RP-corrected,0.95,0.9939655172413793,0.8583333333333333,33.08846422042527
apartment,11,21,normalised,scan-level,0.9,0.8353448275862069,0.025,4.450110486404787
apartment,11,21,normalised,RP-corrected,0.9,0.9528735632183908,0.43333333333333335,7.223220619029932
apartment,11,21,normalised,scan-level,0.95,0.9520114942528736,0.43333333333333335,7.162745478707094
apartment,11,21,normalised,RP-corrected,0.95,0.9991379310344828,0.975,18.58220491817808
apartment,12,21,circle,scan-level,0.9,0.9129310344827586,0.008333333333333333,6.2101194018794565
apartment,12,21,circle,RP-corrected,0.9,0.950287356321839,0.08333333333333333,9.197393003086315
apartment,12,21,circle,scan-level,0.95,0.9491379310344827,0.06666666666666667,8.696378843859367
apartment,12,21,circle,RP-corrected,0.95,0.9988505747126437,0.9666666666666667,35.406563506772784
apartment,12,21,normalised,scan-level,0.9,0.9531609195402299,0.4166666666666667,6.067810130027537
apartment,12,21,normalised,RP-corrected,0.9,0.993103448275862,0.9083333333333333,7.963826708935936
apartment,12,21,normalised,scan-level,0.95,0.992816091954023,0.9,7.926161568304172
apartment,12,21,normalised,RP-corrected,0.95,0.9994252873563219,0.9833333333333333,29.3678304453381
apartment,13,21,circle,scan-level,0.9,0.8669540229885058,0.0,5.57981437929478
apartment,13,21,circle,RP-corrected,0.9,0.9037356321839081,0.0,7.244542818467537
apartment,13,21,circle,scan-level,0.95,0.9031609195402299,0.0,7.20831950118941
apartment,13,21,circle,RP-corrected,0.95,0.9985632183908046,0.9666666666666667,33.54153717310363
apartment,13,21,normalised,scan-level,0.9,0.8387931034482758,0.0,3.951730967687001
apartment,13,21,normalised,RP-corrected,0.9,0.9005747126436782,0.0,5.140086465489891
apartment,13,21,normalised,scan-level,0.95,0.8925287356321839,0.0,4.999751057274894
apartment,13,21,normalised,RP-corrected,0.95,0.9991379310344828,0.975,25.837367538153043
apartment,14,21,circle,scan-level,0.9,0.9316091954022988,0.03333333333333333,8.790427572156531
apartment,14,21,circle,RP-corrected,0.9,0.9339080459770115,0.058333333333333334,10.663850252015367
apartment,14,21,circle,scan-level,0.95,0.9336206896551724,0.05,10.555888038173991
apartment,14,21,circle,RP-corrected,0.95,0.9942528735632183,0.8666666666666667,33.33548890741411
apartment,14,21,normalised,scan-level,0.9,0.9359195402298851,0.05,7.294327602012292
apartment,14,21,normalised,RP-corrected,0.9,0.9548850574712644,0.08333333333333333,9.184962377866578
apartment,14,21,normalised,scan-level,0.95,0.9545977011494253,0.08333333333333333,9.14872514867873
apartment,14,21,normalised,RP-corrected,0.95,0.9988505747126437,0.9666666666666667,28.949409041545792
apartment,15,21,circle,scan-level,0.9,0.8586206896551725,0.008333333333333333,6.274748748603929
apartment,15,21,circle,RP-corrected,0.9,0.906896551724138,0.041666666666666664,9.142044675042786
apartment,15,21,circle,scan-level,0.95,0.9054597701149425,0.041666666666666664,8.954791678553748
apartment,15,21,circle,RP-corrected,0.95,0.9988505747126437,0.975,28.874463530463974
apartment,15,21,normalised,scan-level,0.9,0.9183908045977012,0.18333333333333332,5.282753342530678
apartment,15,21,normalised,RP-corrected,0.9,0.9620689655172414,0.525,6.968631916643098
apartment,15,21,normalised,scan-level,0.95,0.960632183908046,0.49166666666666664,6.89975768484101
apartment,15,21,normalised,RP-corrected,0.95,0.9977011494252873,0.95,14.749634503549482
apartment,16,21,circle,scan-level,0.9,0.878735632183908,0.06666666666666667,6.852874179159193
apartment,16,21,circle,RP-corrected,0.9,0.9117816091954023,0.09166666666666666,8.04142362867756
apartment,16,21,circle,scan-level,0.95,0.9089080459770115,0.09166666666666666,7.8774214337540345
apartment,16,21,circle,RP-corrected,0.95,0.9945402298850575,0.8666666666666667,39.69226288091138
apartment,16,21,normalised,scan-level,0.9,0.9445402298850575,0.26666666666666666,6.666905627030463
apartment,16,21,normalised,RP-corrected,0.9,0.9781609195402299,0.5416666666666666,8.658378790705726
apartment,16,21,normalised,scan-level,0.95,0.9781609195402299,0.5416666666666666,8.620430784121682
apartment,16,21,normalised,RP-corrected,0.95,0.9997126436781609,0.9916666666666667,34.35493339532647
apartment,17,21,circle,scan-level,0.9,0.9350574712643678,0.025,7.828868998938742
apartment,17,21,circle,RP-corrected,0.9,0.9764367816091954,0.4083333333333333,11.888719528538187
apartment,17,21,circle,scan-level,0.95,0.9764367816091954,0.4083333333333333,11.782164748205611
apartment,17,21,circle,RP-corrected,0.95,0.9985632183908046,0.9666666666666667,36.1034039431767
apartment,17,21,normalised,scan-level,0.9,0.9724137931034482,0.6166666666666667,6.866538160351511
apartment,17,21,normalised,RP-corrected,0.9,0.9913793103448276,0.85,9.23653000685259
apartment,17,21,normalised,scan-level,0.95,0.9913793103448276,0.85,9.125478475415438
apartment,17,21,normalised,RP-corrected,0.95,0.9991379310344828,0.975,28.163726185366016
apartment,18,21,circle,scan-level,0.9,0.8864942528735632,0.0,6.768870504876322
apartment,18,21,circle,RP-corrected,0.9,0.9077586206896552,0.09166666666666666,9.573965912703049
apartment,18,21,circle,scan-level,0.95,0.906896551724138,0.08333333333333333,9.493500928385187
apartment,18,21,circle,RP-corrected,0.95,0.9994252873563219,0.9833333333333333,34.17706980586387
apartment,18,21,normalised,scan-level,0.9,0.9525862068965517,0.14166666666666666,6.59137399701088
apartment,18,21,normalised,RP-corrected,0.9,0.9988505747126437,0.975,10.673384782189672
apartment,18,21,normalised,scan-level,0.95,0.9977011494252873,0.9666666666666667,10.062129536312979
apartment,18,21,normalised,RP-corrected,0.95,0.9997126436781609,0.9916666666666667,28.62422275458927
apartment,19,21,circle,scan-level,0.9,0.8956896551724138,0.008333333333333333,6.166786534762549
apartment,19,21,circle,RP-corrected,0.9,0.9468390804597702,0.008333333333333333,9.270354356182935
apartment,19,21,circle,scan-level,0.95,0.9448275862068966,0.008333333333333333,8.975677991824464
apartment,19,21,circle,RP-corrected,0.95,0.9988505747126437,0.9666666666666667,33.2412471596643
apartment,19,21,normalised,scan-level,0.9,0.9094827586206896,0.025,5.484899969600925
apartment,19,21,normalised,RP-corrected,0.9,0.9658045977011495,0.09166666666666666,8.15053118898892
apartment,19,21,normalised,scan-level,0.95,0.9658045977011495,0.09166666666666666,8.10512862423972
apartment,19,21,normalised,RP-corrected,0.95,0.9991379310344828,0.975,17.93293357011341
building,0,121,circle,scan-level,0.9,0.9355870020964361,0.0,5.574203243488058
building,0,121,circle,RP-corrected,0.9,0.9390985324947589,0.0,5.771042872791389
building,0,121,circle,scan-level,0.95,0.9619496855345911,0.0,7.607806433639192
building,0,121,circle,RP-corrected,0.95,0.964517819706499,0.0,8.156190280879212
building,0,121,normalised,scan-level,0.9,0.9564465408805032,0.0,6.284531800606051
building,0,121,normalised,RP-corrected,0.9,0.9605870020964361,0.0,6.464806605784344
building,0,121,normalised,scan-level,0.95,0.9742138364779874,0.016666666666666666,7.375203299721959
building,0,121,normalised,RP-corrected,0.95,0.9770964360587002,0.016666666666666666,7.749277844852929
building,1,121,circle,scan-level,0.9,0.9359014675052411,0.0,5.702644117537425
building,1,121,circle,RP-corrected,0.9,0.9431341719077568,0.0,5.994824800691871
building,1,121,circle,scan-level,0.95,0.9743186582809225,0.0,10.877814828537124
building,1,121,circle,RP-corrected,0.95,0.9766771488469602,0.0,12.762632190614244
building,1,121,normalised,scan-level,0.9,0.9133647798742138,0.0,5.497557063672597
building,1,121,normalised,RP-corrected,0.9,0.9211215932914046,0.0,5.884214847620332
building,1,121,normalised,scan-level,0.95,0.955398322851153,0.05,7.744625375620714
building,1,121,normalised,RP-corrected,0.95,0.9685534591194969,0.15,8.248406157184279
building,2,121,circle,scan-level,0.9,0.9395702306079664,0.0,6.19434106693605
building,2,121,circle,RP-corrected,0.9,0.9475890985324947,0.0,6.560298911967434
building,2,121,circle,scan-level,0.95,0.9844339622641509,0.45,12.026644996472463
building,2,121,circle,RP-corrected,0.95,0.9875786163522012,0.5,13.501534782738549
building,2,121,normalised,scan-level,0.9,0.8918238993710692,0.0,4.769761167944024
building,2,121,normalised,RP-corrected,0.9,0.8992662473794549,0.0,4.921668153174103
building,2,121,normalised,scan-level,0.95,0.9538784067085954,0.016666666666666666,6.362520666032659
building,2,121,normalised,RP-corrected,0.95,0.9629454926624738,0.016666666666666666,6.945845449479277
building,3,121,circle,scan-level,0.9,0.9419287211740042,0.0,5.462953164439134
building,3,121,circle,RP-corrected,0.9,0.9458071278825996,0.0,5.698911905464958
building,3,121,circle,scan-level,0.95,0.9720125786163522,0.0,7.920658796454282
building,3,121,circle,RP-corrected,0.95,0.9763626834381551,0.0,8.71413713615675
building,3,121,normalised,scan-level,0.9,0.9411425576519916,0.016666666666666666,5.360312328633052
building,3,121,normalised,RP-corrected,0.9,0.9471698113207547,0.016666666666666666,5.662551032433729
building,3,121,normalised,scan-level,0.95,0.9737421383647799,0.016666666666666666,7.236548728512824
building,3,121,normalised,RP-corrected,0.95,0.9817085953878407,0.025,7.855103732159827
building,4,121,circle,scan-level,0.9,0.9165618448637316,0.0,5.454056174044178
building,4,121,circle,RP-corrected,0.9,0.9240041928721174,0.0,5.769296147275981
building,4,121,circle,scan-level,0.95,0.9692348008385744,0.0,8.590421217458381
building,4,121,circle,RP-corrected,0.95,0.9738993710691823,0.0,9.503556538150796
building,4,121,normalised,scan-level,0.9,0.9268343815513627,0.0,5.572690431013815
building,4,121,normalised,RP-corrected,0.9,0.9417190775681342,0.0,5.925269227820414
building,4,121,normalised,scan-level,0.95,0.979350104821803,0.0,8.120183001960902
building,4,121,normalised,RP-corrected,0.95,0.9823899371069182,0.0,8.908670360243404
building,5,121,circle,scan-level,0.9,0.9633647798742139,0.008333333333333333,7.2462192421206835
building,5,121,circle,RP-corrected,0.9,0.9664046121593292,0.008333333333333333,7.541430864054141
building,5,121,circle,scan-level,0.95,0.9854297693920335,0.25833333333333336,12.609979061983646
building,5,121,circle,RP-corrected,0.95,0.9875786163522012,0.2833333333333333,13.637732249049629
building,5,121,normalised,scan-level,0.9,0.9743710691823899,0.0,6.646694482193947
building,5,121,normalised,RP-corrected,0.9,0.9762578616352201,0.0,6.951958572511435
building,5,121,normalised,scan-level,0.95,0.9830188679245283,0.06666666666666667,8.775194906238365
building,5,121,normalised,RP-corrected,0.95,0.9837526205450734,0.09166666666666666,9.232558886190992
building,6,121,circle,scan-level,0.9,0.9630503144654088,0.0,6.553261744423393
building,6,121,circle,RP-corrected,0.9,0.964727463312369,0.0,6.8434569410208
building,6,121,circle,scan-level,0.95,0.9760482180293502,0.0,9.2641923106885
building,6,121,circle,RP-corrected,0.95,0.9779874213836478,0.0,10.206720372247876
building,6,121,normalised,scan-level,0.9,0.9509958071278826,0.016666666666666666,6.563953495758552
building,6,121,normalised,RP-corrected,0.9,0.9540356394129978,0.016666666666666666,6.738297929538683
building,6,121,normalised,scan-level,0.95,0.9778825995807128,0.3,8.313861259585055
building,6,121,normalised,RP-corrected,0.95,0.980398322851153,0.3333333333333333,8.70141659119462
building,7,121,circle,scan-level,0.9,0.9474842767295597,0.0,6.710152881543671
building,7,121,circle,RP-corrected,0.9,0.9537211740041929,0.0,7.305648052216918
building,7,121,circle,scan-level,0.95,0.9679769392033543,0.0,10.972112873627292
building,7,121,circle,RP-corrected,0.95,0.9790880503144654,0.0,12.62681485701424
building,7,121,normalised,scan-level,0.9,0.9487945492662474,0.0,6.428734740286943
building,7,121,normalised,RP-corrected,0.9,0.9519392033542977,0.0,6.667688590982792
building,7,121,normalised,scan-level,0.95,0.9681865828092243,0.0,9.133422579570757
building,7,121,normalised,RP-corrected,0.95,0.9715408805031447,0.0,10.04278335022044
building,8,121,circle,scan-level,0.9,0.9411425576519916,0.0,6.216156286322592
building,8,121,circle,RP-corrected,0.9,0.9494758909853249,0.0,6.657411824075229
building,8,121,circle,scan-level,0.95,0.9789308176100628,0.0,11.404848412103368
building,8,121,circle,RP-corrected,0.95,0.9827568134171908,0.0,13.139057822367352
building,8,121,normalised,scan-level,0.9,0.9419287211740042,0.0,6.140405583783208
building,8,121,normalised,RP-corrected,0.9,0.949895178197065,0.0,6.451835466868938
building,8,121,normalised,scan-level,0.95,0.9890461215932914,0.0,9.18248941923403
building,8,121,normalised,RP-corrected,0.95,0.990251572327044,0.0,9.773577636908204
building,9,121,circle,scan-level,0.9,0.9186582809224318,0.0,4.688022787763446
building,9,121,circle,RP-corrected,0.9,0.9273584905660377,0.0,4.915486662253946
building,9,121,circle,scan-level,0.95,0.9652515723270441,0.008333333333333333,6.734996596248265
building,9,121,circle,RP-corrected,0.95,0.9727987421383648,0.008333333333333333,7.497699894316194
building,9,121,normalised,scan-level,0.9,0.9366876310272537,0.016666666666666666,6.059290424641036
building,9,121,normalised,RP-corrected,0.9,0.9413522012578617,0.016666666666666666,6.26456005680123
building,9,121,normalised,scan-level,0.95,0.9674004192872118,0.025,7.7439032655046
building,9,121,normalised,RP-corrected,0.95,0.9753668763102725,0.03333333333333333,8.359064516288974
