scenario,p,seed,ratio,mtry,sample_cv,rp_grouped_cv,d1_to_d2,d2_to_d1
Medium_4Google,8,0,0.2,1,0.3197607291571522,2.7444207965584937,1.667213891390192,1.5978007573189272
Medium_4Google,8,0,0.35,2,0.2687260156119391,2.4787849160246127,1.2830597460064792,1.3280945021261945
Medium_4Google,8,0,0.5,4,0.2696045663972019,2.430930114448656,1.2251853333906415,1.2588552559281043
Medium_4Google,8,0,0.7,5,0.2808173669843105,2.4864816676134573,1.2556445430490555,1.2709572449841944
Medium_4Google,8,0,0.85,6,0.29225322171021617,2.583618877500664,1.2717891383576239,1.3569543077872073
Medium_4Google,8,0,1.0,8,0.333330036250361,2.8900895781888063,1.3485504421826762,1.5901407870583975
Medium_4Google,8,1,0.2,1,0.3432299341577585,2.720285645045722,1.6358359885188125,1.6184805136231415
Medium_4Google,8,1,0.35,2,0.29629207691810744,2.4549055341318424,1.2871890186673296,1.3468147585899104
Medium_4Google,8,1,0.5,4,0.3028980085037805,2.4487165244765396,1.2320356153582144,1.226887565907249
Medium_4Google,8,1,0.7,5,0.31260302635913423,2.507573834215946,1.2386041657715552,1.2461125311053622
Medium_4Google,8,1,0.85,6,0.32065604195842773,2.6154380086113482,1.2694441360602526,1.3829821390025374
Medium_4Google,8,1,1.0,8,0.3653709990315779,2.9059541926190096,1.3272618542950174,1.5849825612500288
Medium_4Google,8,2,0.2,1,0.3307714578693535,2.7211797833537887,1.63757168601696,1.6474457892278256
Medium_4Google,8,2,0.35,2,0.3096174241436272,2.480057322133241,1.2853819470751304,1.316009065554742
Medium_4Google,8,2,0.5,4,0.331333031790609,2.423091261270294,1.2535126249064987,1.2165377503938657
Medium_4Google,8,2,0.7,5,0.34942204573330177,2.496157463480399,1.2685597121495196,1.2597333722833894
Medium_4Google,8,2,0.85,6,0.36133175399409007,2.6158127334263757,1.2831260646474916,1.3596378529593969
Medium_4Google,8,2,1.0,8,0.3991926109313934,2.9231599942527944,1.3466060794291463,1.6053633857652259
High_4Google_3Linksys,14,0,0.2,2,0.2863683812465693,2.6087650479106075,3.179451400785294,2.8561049706199535
High_4Google_3Linksys,14,0,0.35,4,0.262738629059378,2.4567135915192857,2.1942876696651425,2.0919215145676784
High_4Google_3Linksys,14,0,0.5,7,0.2702831404287013,2.4274493953759637,1.4836173968603483,1.4637894284508548
High_4Google_3Linksys,14,0,0.7,9,0.27765811495434606,2.500463056706811,1.3267975168971475,1.4962754180223006
High_4Google_3Linksys,14,0,0.85,11,0.30063291103936157,2.6098640646422786,1.313774684013792,1.4977128416652246
High_4Google_3Linksys,14,0,1.0,14,0.3294099209192102,2.8793052022396726,1.3813421976549483,1.7174923744162036
High_4Google_3Linksys,14,1,0.2,2,0.3091560635737992,2.55316008254695,3.1825087601101436,2.8280912670484244
High_4Google_3Linksys,14,1,0.35,4,0.29347871064184755,2.4341614376116443,2.2284659264665163,2.004936870028586
High_4Google_3Linksys,14,1,0.5,7,0.3050886996705505,2.4427581000354732,1.5012372194219612,1.5697642648216787
High_4Google_3Linksys,14,1,0.7,9,0.31086774494058583,2.5261776133914284,1.3372543769314118,1.4784675487213967
High_4Google_3Linksys,14,1,0.85,11,0.32886682856945887,2.6530103716344584,1.336361892436154,1.5567244339317186
High_4Google_3Linksys,14,1,1.0,14,0.3620631596221237,2.9009484575604265,1.3921902089712945,1.6964263250335094
High_4Google_3Linksys,14,2,0.2,2,0.30255746164985353,2.597807756192396,3.195070090610087,2.828714615604292
High_4Google_3Linksys,14,2,0.35,4,0.3031743407494942,2.4450604599477765,2.1873699734003327,1.9746739172498062
High_4Google_3Linksys,14,2,0.5,7,0.33526464717361076,2.4356695834296707,1.4204831230723354,1.485337654332446
High_4Google_3Linksys,14,2,0.7,9,0.34799535577999563,2.515579526356152,1.3444018795980086,1.492283317276667
High_4Google_3Linksys,14,2,0.85,11,0.36321339622872006,2.6407903177310827,1.3163007677916445,1.5138192117510918
High_4Google_3Linksys,14,2,1.0,14,0.4026492645246268,2.903657481606411,1.3540138093502194,1.72874287118319
