dataset,ratio,n_trees,min_samples_leaf,max_depth,size_mb,total_nodes,train_s,infer_us_per_scan_1thread,paper_metric_m,rmse2d_m,p90_m
office,1.0,300,1,None,2.854825973510742,36566,0.8039726000279188,67.39305552198655,0.37652968786149443,0.5325275529809694,0.8392158915384951
office,1.0,300,1,16,2.8551130294799805,36566,0.7749833000125363,75.87648147751612,0.37652968786149443,0.5325275529809694,0.8392158915384951
office,1.0,300,5,None,2.691844940185547,34430,0.7917440000455827,69.39342592549683,0.3840048450941824,0.5433190859740669,0.8696332823541584
office,1.0,300,5,16,2.692131996154785,34430,0.7366687000030652,82.6067593017662,0.3840048450941824,0.5433190859740669,0.8696332823541584
office,1.0,300,20,None,2.3924331665039062,30506,0.7755940000060946,63.99268512959006,0.36729703131594416,0.5196630906051655,0.8018905009930191
office,1.0,300,20,16,2.3927202224731445,30506,0.7812351998873055,61.06074078060273,0.36729703131594416,0.5196630906051655,0.8018905009930191
office,1.0,100,1,None,0.9550857543945312,12224,0.27878270007204264,17.96490741307261,0.37630316602822855,0.5322306373385125,0.850570141140635
office,1.0,100,1,16,0.9551820755004883,12224,0.2613344999263063,23.820462929843753,0.37630316602822855,0.5322306373385125,0.850570141140635
office,1.0,100,5,None,0.9001541137695312,11504,0.28048030007630587,19.381203714551198,0.38408876451715207,0.543447182101607,0.8719718726899157
office,1.0,100,5,16,0.9002504348754883,11504,0.31237529998179525,20.156759247011333,0.38408876451715207,0.543447182101607,0.8719718726899157
office,1.0,100,20,None,0.8053798675537109,10262,0.29560070007573813,23.60055546483232,0.36788938974539204,0.5204776578620077,0.7481799194746985
office,1.0,100,20,16,0.805476188659668,10262,0.31169110001064837,18.85083329398185,0.36788938974539204,0.5204776578620077,0.7481799194746985
office,1.0,50,1,None,0.4753847122192383,6076,0.15740959998220205,9.416666688156074,0.37176840609599937,0.5259444145658008,0.8511784125552058
office,1.0,50,1,16,0.475433349609375,6076,0.15070720005314797,10.904074103261035,0.37176840609599937,0.5259444145658008,0.8511784125552058
office,1.0,50,5,None,0.4495887756347656,5738,0.24928270000964403,12.092870397113815,0.37899567208430635,0.5362441702146541,0.8589291227563638
office,1.0,50,5,16,0.44963741302490234,5738,0.2263240999309346,12.573796320120218,0.37899567208430635,0.5362441702146541,0.8589291227563638
office,1.0,50,20,None,0.4019813537597656,5114,0.21042310004122555,10.696203659150612,0.36229958368949217,0.5125812810922649,0.7439165181126024
office,1.0,50,20,16,0.40202999114990234,5114,0.22143839998170733,25.281851843896288,0.36229958368949217,0.5125812810922649,0.7439165181126024
office,0.7,300,1,None,3.396725654602051,43668,0.8439831000287086,77.83425917969672,0.33764969041710635,0.47750903799862304,0.740179018114609
office,0.7,300,1,16,3.397012710571289,43668,0.7833264999790117,65.93842591866161,0.33764969041710635,0.47750903799862304,0.740179018114609
office,0.7,300,5,None,3.079461097717285,39510,0.7971752999583259,61.936666693159,0.3419755935304272,0.48374834103043174,0.7540368568744297
office,0.7,300,5,16,3.0797481536865234,39510,0.7531319000991061,70.0856481368343,0.3419755935304272,0.48374834103043174,0.7540368568744297
office,0.7,300,20,None,2.6068363189697266,33316,0.7142862000036985,85.63814809787328,0.33389895097829925,0.47263757186571387,0.740421432937294
office,0.7,300,20,16,2.607123374938965,33316,0.7675748000619933,41.94101859832665,0.33389895097829925,0.47263757186571387,0.740421432937294
office,0.7,100,1,None,1.1273746490478516,14482,0.30144819989800453,19.553981514440643,0.3382730242593892,0.4784432716818083,0.7521275240941525
office,0.7,100,1,16,1.1274709701538086,14482,0.28820399998221546,26.982407413285088,0.3382730242593892,0.4784432716818083,0.7521275240941525
office,0.7,100,5,None,1.030777931213379,13216,0.2764162999810651,18.668981458715816,0.3450175450888095,0.48813470275682774,0.7464946706146673
office,0.7,100,5,16,1.030874252319336,13216,0.26169680000748485,24.333055545058514,0.3450175450888095,0.48813470275682774,0.7464946706146673
office,0.7,100,20,None,0.8708486557006836,11120,0.27734109992161393,20.950555551314242,0.3326931754850048,0.47091879706925593,0.7428138829150955
office,0.7,100,20,16,0.8709449768066406,11120,0.26411600003484637,21.05842598851908,0.3326931754850048,0.47091879706925593,0.7428138829150955
office,0.7,50,1,None,0.5641994476318359,7240,0.1727283000946045,10.437870406787153,0.34242010036246684,0.48426812792318086,0.7648873446462557
office,0.7,50,1,16,0.5642480850219727,7240,0.15482189995236695,14.427592611388752,0.34242010036246684,0.48426812792318086,0.7648873446462557
office,0.7,50,5,None,0.5121583938598633,6558,0.18705980002414435,13.971296289970201,0.35150968503364294,0.49732084385430464,0.7524328452544927
office,0.7,50,5,16,0.51220703125,6558,0.16447000007610768,18.232592588497532,0.35150968503364294,0.49732084385430464,0.7524328452544927
office,0.7,50,20,None,0.4344825744628906,5540,0.169117399957031,10.915092597888025,0.3369593815581081,0.47707972107219143,0.7454763643060806
office,0.7,50,20,16,0.43453121185302734,5540,0.1399540000129491,11.193333409243712,0.3369593815581081,0.47707972107219143,0.7454763643060806
office,0.5,300,1,None,3.8695201873779297,49864,0.7492293999530375,66.27944444685622,0.33573991734628134,0.4748108881517555,0.7332452544133999
office,0.5,300,1,16,3.869807243347168,49864,0.9266303000040352,82.64148146500466,0.33573991734628134,0.4748108881517555,0.7332452544133999
office,0.5,300,5,None,3.421139717102051,43988,0.7383623999776319,67.62101860389251,0.34608863815600455,0.489727339108949,0.7630553891004713
office,0.5,300,5,16,3.421426773071289,43988,0.7445404999889433,75.10555550214593,0.34608863815600455,0.489727339108949,0.7630553891004713
office,0.5,300,20,None,2.7457170486450195,35136,0.8350425999378785,95.33018520515826,0.3305933545681814,0.46820705861646633,0.7192221719469394
office,0.5,300,20,16,2.746004104614258,35136,0.8940086999209598,57.459351848121045,0.3305933545681814,0.46820705861646633,0.7192221719469394
office,0.5,100,1,None,1.2946367263793945,16674,0.2708778999513015,20.205833371383726,0.3351960297397198,0.47404424976833753,0.7347354251262028
office,0.5,100,1,16,1.2947330474853516,16674,0.2837264999980107,14.030277789397925,0.3351960297397198,0.47404424976833753,0.7347354251262028
office,0.5,100,5,None,1.1298246383666992,14514,0.30484450003132224,11.652500015097084,0.3557859849866184,0.5035632019205057,0.7861193583876525
office,0.5,100,5,16,1.1299209594726562,14514,0.2440618999535218,15.512777759728058,0.3557859849866184,0.5035632019205057,0.7861193583876525
office,0.5,100,20,None,0.9172439575195312,11728,0.25771769997663796,12.206759183081212,0.33186676437363505,0.4698378165666908,0.7473675276640751
office,0.5,100,20,16,0.9173402786254883,11728,0.2714790999889374,13.009537037255036,0.33186676437363505,0.4698378165666908,0.7473675276640751
office,0.5,50,1,None,0.6560745239257812,8444,0.14356320002116263,8.24722217792576,0.34444604293842074,0.4871301798496685,0.7756645776199766
office,0.5,50,1,16,0.656123161315918,8444,0.14930109994020313,9.400462968861339,0.34444604293842074,0.4871301798496685,0.7756645776199766
office,0.5,50,5,None,0.5613002777099609,7202,0.15116719994693995,7.699259354181035,0.3581762591791142,0.5068679650213531,0.8145053654945309
office,0.5,50,5,16,0.5613489151000977,7202,0.14572819997556508,8.229444480363142,0.3581762591791142,0.5068679650213531,0.8145053654945309
office,0.5,50,20,None,0.4586000442504883,5856,0.13693830010015517,11.831759238029244,0.336700334666586,0.47729735376460536,0.7451261704868453
office,0.5,50,20,16,0.458648681640625,5856,0.1410587999271229,8.60231477956943,0.336700334666586,0.47729735376460536,0.7451261704868453
apartment,1.0,300,1,None,13.306889533996582,173540,1.7315852999454364,36.683218385060805,0.5968234767269425,0.8629769417678484,1.15996502466946
apartment,1.0,300,1,16,13.30626106262207,173528,1.6061672000214458,30.461867806908472,0.5967239738268222,0.8626761279304936,1.1573437977927163
apartment,1.0,300,5,None,10.534062385559082,137196,1.6024122000671923,31.09488505120764,0.615849566943812,0.8908629896822792,1.2255873603197598
apartment,1.0,300,5,16,10.53434944152832,137196,1.6861147000454366,32.401954033947284,0.615849566943812,0.8908629896822792,1.2255873603197598
apartment,1.0,300,20,None,7.975344657897949,103664,1.803182699950412,30.650545966051435,0.5957585369732675,0.8580735214693657,1.2645533522107557
apartment,1.0,300,20,16,7.9756317138671875,103664,1.6383467999985442,26.74543102748221,0.5957585369732675,0.8580735214693657,1.2645533522107557
apartment,1.0,100,1,None,4.432548522949219,57796,0.5934967000503093,9.628160938288717,0.5993107487616975,0.8679583692543212,1.1591238540225797
apartment,1.0,100,1,16,4.432339668273926,57792,0.5789293999550864,10.834339084157229,0.5994383681436234,0.8679947382646812,1.1557593752849542
apartment,1.0,100,5,None,3.5101547241210938,45706,0.6289101999718696,10.401954046108001,0.6162066716053457,0.8933145991764421,1.2287738516118192
apartment,1.0,100,5,16,3.510251045227051,45706,0.5749848000705242,10.359482759417132,0.6162066716053457,0.8933145991764421,1.2287738516118192
apartment,1.0,100,20,None,2.6550588607788086,34500,0.5543444000650197,12.61433905616788,0.5993671808448611,0.8650908521925729,1.3046693976224444
apartment,1.0,100,20,16,2.6551551818847656,34500,0.6358244000002742,12.101695421901157,0.5993671808448611,0.8650908521925729,1.3046693976224444
apartment,1.0,50,1,None,2.203282356262207,28720,0.3482196999248117,5.145804573856722,0.59911317060763,0.8675120649861602,1.162502957021184
apartment,1.0,50,1,16,2.2031784057617188,28718,0.3741685999557376,4.972787353145922,0.5985557524119005,0.8664130135616416,1.1457725757367203
apartment,1.0,50,5,None,1.754368782043457,22836,0.31252689997199923,4.8922413649658365,0.6101984069565822,0.8847475680656248,1.228340725448617
apartment,1.0,50,5,16,1.7544174194335938,22836,0.3432108999695629,5.354712638286767,0.6101984069565822,0.8847475680656248,1.228340725448617
apartment,1.0,50,20,None,1.3282661437988281,17252,0.31454469996970147,4.891982742306916,0.597118412618182,0.8610628281935742,1.258685939901208
apartment,1.0,50,20,16,1.3283147811889648,17252,0.33116019994486123,4.580057488390427,0.597118412618182,0.8610628281935742,1.258685939901208
apartment,0.7,300,1,None,14.96237564086914,195238,1.2469875999959186,61.393189665476044,0.5608414545943602,0.806838039210622,1.2686556642203803
apartment,0.7,300,1,16,14.933806419372559,194860,1.265500699984841,35.039798875778224,0.5597914842944807,0.8054932854683614,1.2639811590702792
apartment,0.7,300,5,None,11.654515266418457,151882,1.1919297999702394,31.688448273170014,0.5971743765393752,0.8642087582920563,1.3357296112373855
apartment,0.7,300,5,16,11.65129280090332,151836,1.2166164999362081,32.17939657410714,0.5981098258512973,0.8654549353696489,1.3406807330673645
apartment,0.7,300,20,None,8.455768585205078,109960,1.1315076999599114,32.32442527666859,0.6123111535027936,0.8872184001414141,1.3569762349847398
apartment,0.7,300,20,16,8.456055641174316,109960,1.1079190999735147,30.787614938246364,0.6123111535027936,0.8872184001414141,1.3569762349847398
apartment,0.7,100,1,None,4.981432914733887,64990,0.4882214000681415,14.35758617583491,0.5548969704754277,0.7977488202046625,1.24429850109044
apartment,0.7,100,1,16,4.976180076599121,64920,0.4982371999649331,12.397557468924285,0.5552051724937517,0.7983048133431844,1.2751478006059127
apartment,0.7,100,5,None,3.8656845092773438,50366,0.4080301000503823,9.740431038341645,0.5902569269448011,0.8531404803703801,1.320927782269914
apartment,0.7,100,5,16,3.862729072570801,50326,0.4963436999823898,9.725545967886246,0.5916860314275832,0.8549734958653193,1.321750558463043
apartment,0.7,100,20,None,2.8182010650634766,36638,0.4221268000546843,9.720344812309518,0.6152125231449592,0.8881153287247201,1.436946501651177
apartment,0.7,100,20,16,2.8182973861694336,36638,0.47434529999736696,9.893362066472998,0.6152125231449592,0.8881153287247201,1.436946501651177
apartment,0.7,50,1,None,2.4924449920654297,32510,0.28249330003745854,8.48301723813531,0.5664103143677816,0.8152065432379275,1.3006706931171688
apartment,0.7,50,1,16,2.4821090698242188,32374,0.289764599991031,6.794770102380593,0.5653138501909853,0.8130658484594188,1.3098770461275537
apartment,0.7,50,5,None,1.929844856262207,25136,0.2341636000201106,5.225718406767681,0.5947967670494652,0.8622192646104645,1.288685826011277
apartment,0.7,50,5,16,1.9268417358398438,25096,0.25810559990350157,5.376379302670729,0.5976752707316038,0.8658572440458665,1.2988521772487363
apartment,0.7,50,20,None,1.4068660736083984,18282,0.29388100001960993,8.19764367636593,0.6170936672511488,0.8892240629491184,1.4186903476560189
apartment,0.7,50,20,16,1.4069147109985352,18282,0.30994700000155717,7.150747114792466,0.6170936672511488,0.8892240629491184,1.4186903476560189
apartment,0.5,300,1,None,15.988965034484863,208690,1.1304377999622375,46.228132165176255,0.5717260557173008,0.8192144965491772,1.3775039864526148
apartment,0.5,300,1,16,16.01228427886963,208992,1.2538703000172973,30.698534502679934,0.5736101938319508,0.8222129297700405,1.407355471880723
apartment,0.5,300,5,None,12.313389778137207,160518,0.9979188999859616,28.606350553735833,0.6040257274499117,0.8684336758081743,1.5577462445372123
apartment,0.5,300,5,16,12.314592361450195,160530,1.0030603000195697,31.98669539582541,0.6039439604325567,0.8683311894257151,1.564211852070191
apartment,0.5,300,20,None,8.641680717468262,112396,0.9415348999900743,28.265660947145918,0.6387042325977005,0.9220449696743004,1.6217052784556294
apartment,0.5,300,20,16,8.6419677734375,112396,0.9444937000516802,30.563706893409638,0.6387042325977005,0.9220449696743004,1.6217052784556294
apartment,0.5,100,1,None,5.322552680969238,69460,0.3440012000501156,8.235948264663076,0.5742585073308627,0.8213594826409066,1.347915400094435
apartment,0.5,100,1,16,5.323708534240723,69474,0.3553005999419838,9.386120705287262,0.5737689060340427,0.8214869873521274,1.3499303277475694
apartment,0.5,100,5,None,4.108451843261719,53548,0.35728260001633316,9.789425296302158,0.6063173600016502,0.8732116689405836,1.4780125059064528
apartment,0.5,100,5,16,4.108395576477051,53546,0.34393610002007335,11.238678165807807,0.6062573330559735,0.873139735990121,1.4780125059064528
apartment,0.5,100,20,None,2.884899139404297,37512,0.3449900000123307,8.472183922669668,0.6389884765528071,0.9207528298432466,1.6266665459519625
apartment,0.5,100,20,16,2.884995460510254,37512,0.322517899912782,10.71459769629927,0.6389884765528071,0.9207528298432466,1.6266665459519625
apartment,0.5,50,1,None,2.6731605529785156,34878,0.24350730003789067,6.468132193114651,0.5785340131332961,0.8269280577472596,1.299550691585365
apartment,0.5,50,1,16,2.6703014373779297,34840,0.24557989998720586,4.947241382330827,0.5924310037670024,0.8483629641777779,1.3636899389086983
apartment,0.5,50,5,None,2.063817024230957,26892,0.2365492999088019,5.990862056891295,0.6117909658974517,0.8809062324931227,1.4415162144681828
apartment,0.5,50,5,16,2.0637130737304688,26890,0.22540150000713766,4.836925286692621,0.6116702101646948,0.8807606933997194,1.4413030052465197
apartment,0.5,50,20,None,1.4347896575927734,18648,0.20698830008041114,7.147040223467282,0.6479195858579736,0.9325556739616668,1.549326266440517
apartment,0.5,50,20,16,1.4348382949829102,18648,0.205401899991557,4.400172432745411,0.6479195858579736,0.9325556739616668,1.549326266440517
building,1.0,300,1,None,58.792338371276855,769710,9.920235899975523,13.191126836356423,0.6047337073903303,0.8592109314206783,1.2218610342980998
building,1.0,300,1,16,58.758140563964844,769258,8.398173099965788,11.125880502705193,0.6045424544862164,0.8589612530689562,1.2171121558812577
building,1.0,300,5,None,46.39960765838623,607276,8.024085699929856,11.583207545126445,0.6551077463194132,0.9297739248741259,1.219126550573773
building,1.0,300,5,16,46.39592742919922,607224,8.08224879996851,11.729245282518256,0.6549924054330358,0.9295853930665667,1.217961317804728
building,1.0,300,20,None,40.639567375183105,531778,7.677396100014448,12.170309226508927,0.6992718089899832,0.9907245214878355,1.209895983671012
building,1.0,300,20,16,40.63970184326172,531776,8.61142169998493,12.298244234922281,0.6992923756969349,0.9907528110880338,1.209895983671012
building,1.0,100,1,None,19.630884170532227,256998,2.97021349996794,6.948113208392584,0.6062247837799595,0.8612599652786423,1.2374190788407167
building,1.0,100,1,16,19.62075710296631,256864,3.5456987000070512,7.068501050541064,0.605178478929065,0.859588881659669,1.235960678916694
building,1.0,100,5,None,15.487054824829102,202684,3.9721733999904245,6.828092245347954,0.6720917327228775,0.9523638353482429,1.221819862012525
building,1.0,100,5,16,15.486083030700684,202670,3.576542399940081,6.133894130013555,0.6722715207593626,0.9525982834064779,1.2219225106080387
building,1.0,100,20,None,13.560632705688477,177434,3.6456712000072002,5.431514671677626,0.7151933292680333,1.0125038940839701,1.2324295050975185
building,1.0,100,20,16,13.560729026794434,177434,4.649191600037739,8.03454926621122,0.7151933292680333,1.0125038940839701,1.2324295050975185
building,1.0,50,1,None,9.835027694702148,128748,3.486831800080836,4.762499997113095,0.6053271594441707,0.8597854409881267,1.229048412390659
building,1.0,50,1,16,9.82943058013916,128674,3.9527635000413284,4.682353252556714,0.6027883945781836,0.8558626824744403,1.21932046185789
building,1.0,50,5,None,7.753271102905273,101462,3.319884500000626,5.824800840172862,0.6788616714718645,0.960818692093803,1.2206497559778622
building,1.0,50,5,16,7.752861976623535,101456,3.2521372000919655,4.204732707098314,0.6789812465114834,0.9609819204256252,1.2206497559778622
building,1.0,50,20,None,6.791967391967773,88862,3.3895802999613807,4.212966455298962,0.7094156638156652,1.003889072442147,1.2548356491299377
building,1.0,50,20,16,6.79201602935791,88862,3.060276399948634,4.330450735802701,0.7094156638156652,1.003889072442147,1.2548356491299377
building,0.7,300,1,None,64.31251049041748,842064,13.347301200032234,27.655623694569403,0.5257856001271912,0.7505940091842102,1.082711780124155
building,0.7,300,1,16,64.27342987060547,841548,13.344516700017266,27.148066033888412,0.5212602078224535,0.7446475510587113,1.086419992317383
building,0.7,300,5,None,50.726542472839355,663990,13.525484299985692,25.530366873294426,0.5356759647020406,0.7663456495714206,1.0837840879849048
building,0.7,300,5,16,50.69615936279297,663588,13.714421999990009,52.081215936315694,0.5353825024707881,0.7656399374577494,1.089360077593569
building,0.7,300,20,None,43.015971183776855,562926,19.769703999976628,24.618474845686613,0.5822133333352142,0.8268856240008917,1.110193855314496
building,0.7,300,20,16,43.005271911621094,562782,13.007486900081858,17.109512581111204,0.5821763899655632,0.8268376374136662,1.110001919110628
building,0.7,100,1,None,21.4459171295166,280788,3.121657000039704,5.632908803711507,0.5256552721031196,0.7495856589927726,1.0794965485811723
building,0.7,100,1,16,21.475462913513184,281174,2.117818500031717,4.1094234831186025,0.5243910324959531,0.7483416795894245,1.094321707725839
building,0.7,100,5,None,16.894067764282227,221126,2.0132909000385553,3.5331027269406357,0.5458911104658348,0.7805849612819608,1.114189496076294
building,0.7,100,5,16,16.87539577484131,220880,2.2049259999766946,4.717615307103725,0.5492906996582101,0.7849777760763692,1.1103027161887702
building,0.7,100,20,None,14.382623672485352,188208,1.9231104999780655,3.592762058850698,0.5968614139659052,0.8467847108823774,1.1365360436872147
building,0.7,100,20,16,14.377074241638184,188134,1.9289606000529602,4.331912998885182,0.597166773716477,0.847183082704671,1.134949158928231
building,0.7,50,1,None,10.712102890014648,140244,1.0959547000238672,2.1832232742787063,0.535908618367331,0.7643639841405598,1.1030865786510147
building,0.7,50,1,16,10.730156898498535,140480,1.0774578000418842,2.013799785421595,0.5313379464726529,0.7576233532971416,1.1094906912348748
building,0.7,50,5,None,8.485692977905273,111062,1.1236660999711603,1.8187473780442365,0.5482656855897439,0.7824001109107271,1.1203693552357317
building,0.7,50,5,16,8.46956729888916,110850,1.0993093999568373,3.0620597508898006,0.5488938966837469,0.7831567745053787,1.1165870064758556
building,0.7,50,20,None,7.212957382202148,94380,1.0258173999609426,1.885031443430927,0.6064534130566661,0.8598150509780301,1.1443889776153058
building,0.7,50,20,16,7.207207679748535,94304,0.9963056999258697,1.8777934977378643,0.6069496729120134,0.8604438599141303,1.145541577776918
building,0.5,300,1,None,70.1958417892456,919178,4.269575500045903,12.599538784255458,0.5051046930926181,0.72246191380491,1.0722587363273495
building,0.5,300,1,16,69.9663314819336,916166,4.317704800050706,15.149093290402377,0.4998066470634177,0.715290253909671,1.0608911937294145
building,0.5,300,5,None,54.96894359588623,719596,4.159166099969298,13.674507341035241,0.5237199462607866,0.7503461915392265,1.0775076381044453
building,0.5,300,5,16,54.88561248779297,718500,4.142036699922755,13.612133122060987,0.5257273572595775,0.7528111293002129,1.0755052193272627
building,0.5,300,20,None,45.06385326385498,589768,4.048768399981782,12.447756817134827,0.5701366094903499,0.810301173155448,1.0885084928141304
building,0.5,300,20,16,45.06047821044922,589720,4.899924699915573,15.88337525722436,0.5699658413279811,0.8101259529046215,1.0849167356110518
building,0.5,100,1,None,23.451990127563477,307082,2.034200599999167,7.165707545296388,0.5159004570068488,0.7384964778810845,1.0659705349110349
building,0.5,100,1,16,23.312315940856934,305250,2.1515653000678867,11.399811319469922,0.5095595903882136,0.7297244598531089,1.0647344682744797
building,0.5,100,5,None,18.34746742248535,240176,4.141056400025263,10.443909852267623,0.5251541505114588,0.7521216336784795,1.0824298355674618
building,0.5,100,5,16,18.312621116638184,239718,1.8048446000320837,6.646808176799296,0.5267124399022024,0.7539997098645967,1.092552268990631
building,0.5,100,20,None,14.995569229125977,196242,1.5463673999765888,5.321493711560746,0.5749427897156048,0.8157249989530764,1.0972718054422312
building,0.5,100,20,16,14.990935325622559,196180,1.6585674999514595,5.574412996572222,0.5781565650316622,0.8199169676447985,1.09912206180278
building,0.5,50,1,None,11.720403671264648,153460,1.0325310000916943,3.5815775727333823,0.5209834126159428,0.7438855207849814,1.0560068179617206
building,0.5,50,1,16,11.65377140045166,152586,1.0689758999506012,3.4903616347180315,0.5252330381332232,0.7511826787315691,1.0714595622322256
building,0.5,50,5,None,9.192937850952148,120332,0.9777322000591084,3.0164675083230064,0.5352376776522849,0.7647125525485379,1.095816920306119
building,0.5,50,5,16,9.171929359436035,120056,0.9866928999545053,3.190110064164366,0.5359514479506975,0.7661426475804782,1.103552212945685
building,0.5,50,20,None,7.517370223999023,98370,0.9904255999717861,3.1022693894987055,0.5864069462526946,0.8314226571745968,1.1027345742807928
building,0.5,50,20,16,7.51833438873291,98382,0.9990951000945643,2.890345912604384,0.5875000578575313,0.8327832998155472,1.0927739918837338
