dataset,split,cal_rps,rule,confidence,q_m,coverage,area_m2
office,0,7,scan-level,0.9,0.9127574195504765,0.812037037037037,2.6173428570905313
office,0,7,RP-count,0.9,1.2852316021290136,0.9768518518518519,5.189346428773367
office,0,7,group-subsample,0.9,inf,1.0,inf
office,0,7,scan-level,0.95,0.9905215192008703,0.8666666666666667,3.082319848003396
office,0,7,RP-count,0.95,1.2852316021290136,0.9768518518518519,5.189346428773367
office,0,7,group-subsample,0.95,inf,1.0,inf
office,1,7,scan-level,0.9,0.8402292268251035,0.8740740740740741,2.217917772128129
office,1,7,RP-count,0.9,1.3854465673966323,0.9296296296296296,6.030168318438034
office,1,7,group-subsample,0.9,inf,1.0,inf
office,1,7,scan-level,0.95,0.8792285546937662,0.8768518518518519,2.4285857428334396
office,1,7,RP-count,0.95,1.3854465673966323,0.9296296296296296,6.030168318438034
office,1,7,group-subsample,0.95,inf,1.0,inf
office,2,7,scan-level,0.9,0.6647863326329412,0.8814814814814815,1.3883981844044293
office,2,7,RP-count,0.9,0.9796234415438525,0.9990740740740741,3.0148673631459793
office,2,7,group-subsample,0.9,inf,1.0,inf
office,2,7,scan-level,0.95,0.7082589753127815,0.9185185185185185,1.5759195610452132
office,2,7,RP-count,0.95,0.9796234415438525,0.9990740740740741,3.0148673631459793
office,2,7,group-subsample,0.95,inf,1.0,inf
office,3,7,scan-level,0.9,1.2749385431811562,0.9990740740740741,5.106559235016505
office,3,7,RP-count,0.9,1.3814102730543163,0.9990740740740741,5.995083487284967
office,3,7,group-subsample,0.9,inf,1.0,inf
office,3,7,scan-level,0.95,1.319347452867852,0.9990740740740741,5.4685002789509
office,3,7,RP-count,0.95,1.3814102730543163,0.9990740740740741,5.995083487284967
office,3,7,group-subsample,0.95,inf,1.0,inf
office,4,7,scan-level,0.9,1.2344772285375611,0.9277777777777778,4.787579946222171
office,4,7,RP-count,0.9,1.3402125213935288,0.9287037037037037,5.642833227815299
office,4,7,group-subsample,0.9,inf,1.0,inf
office,4,7,scan-level,0.95,1.2525903830773162,0.9277777777777778,4.929104422700381
office,4,7,RP-count,0.95,1.3402125213935288,0.9287037037037037,5.642833227815299
office,4,7,group-subsample,0.95,inf,1.0,inf
office,5,7,scan-level,0.9,1.7495320302075703,0.9962962962962963,9.61598259299711
office,5,7,RP-count,0.9,2.0197245624231925,1.0,12.81545903886942
office,5,7,group-subsample,0.9,inf,1.0,inf
office,5,7,scan-level,0.95,1.9713796457754602,1.0,12.209289992123665
office,5,7,RP-count,0.95,2.0197245624231925,1.0,12.81545903886942
office,5,7,group-subsample,0.95,inf,1.0,inf
office,6,7,scan-level,0.9,0.9674478923665317,0.9981481481481481,2.940390685522183
office,6,7,RP-count,0.9,1.9327177964088695,1.0,11.73509916810675
office,6,7,group-subsample,0.9,inf,1.0,inf
office,6,7,scan-level,0.95,1.0016524136534477,0.9990740740740741,3.1519836528057827
office,6,7,RP-count,0.95,1.9327177964088695,1.0,11.73509916810675
office,6,7,group-subsample,0.95,inf,1.0,inf
office,7,7,scan-level,0.9,0.9903879785495964,0.9407407407407408,3.08148879639009
office,7,7,RP-count,0.9,1.4334810924808183,0.9935185185185185,6.45555834641444
office,7,7,group-subsample,0.9,inf,1.0,inf
office,7,7,scan-level,0.95,1.1395860316848008,0.975925925925926,4.079849165794598
office,7,7,RP-count,0.95,1.4334810924808183,0.9935185185185185,6.45555834641444
office,7,7,group-subsample,0.95,inf,1.0,inf
office,8,7,scan-level,0.9,0.9366924001506578,0.9981481481481481,2.756410311407662
office,8,7,RP-count,0.9,1.6057038174720908,1.0,8.09992042771727
office,8,7,group-subsample,0.9,inf,1.0,inf
office,8,7,scan-level,0.95,1.0059559638031434,0.9990740740740741,3.1791265211499504
office,8,7,RP-count,0.95,1.6057038174720908,1.0,8.09992042771727
office,8,7,group-subsample,0.95,inf,1.0,inf
office,9,7,scan-level,0.9,1.9276690138466315,1.0,11.673868730545479
office,9,7,RP-count,0.9,2.2779384134685374,1.0,16.301735009761686
office,9,7,group-subsample,0.9,inf,1.0,inf
office,9,7,scan-level,0.95,1.9440862642325774,1.0,11.87355959341938
office,9,7,RP-count,0.95,2.2779384134685374,1.0,16.301735009761686
office,9,7,group-subsample,0.95,inf,1.0,inf
office,10,7,scan-level,0.9,1.1200847745694171,0.9685185185185186,3.9414104200892695
office,10,7,RP-count,0.9,2.193086364641798,1.0,15.109891371707887
office,10,7,group-subsample,0.9,inf,1.0,inf
office,10,7,scan-level,0.95,1.171300761499321,0.9712962962962963,4.3100938218951015
office,10,7,RP-count,0.95,2.193086364641798,1.0,15.109891371707887
office,10,7,group-subsample,0.95,inf,1.0,inf
office,11,7,scan-level,0.9,1.468575105709991,0.9990740740740741,6.775513217537438
office,11,7,RP-count,0.9,1.881253671831042,1.0,11.118458871033331
office,11,7,group-subsample,0.9,inf,1.0,inf
office,11,7,scan-level,0.95,1.783025353857875,1.0,9.987686686753918
office,11,7,RP-count,0.95,1.881253671831042,1.0,11.118458871033331
office,11,7,group-subsample,0.95,inf,1.0,inf
office,12,7,scan-level,0.9,1.1782586931805576,0.9990740740740741,4.361452811597442
office,12,7,RP-count,0.9,1.8398435721549808,1.0,10.634367693014418
office,12,7,group-subsample,0.9,inf,1.0,inf
office,12,7,scan-level,0.95,1.432730708394909,1.0,6.448801535471469
office,12,7,RP-count,0.95,1.8398435721549808,1.0,10.634367693014418
office,12,7,group-subsample,0.95,inf,1.0,inf
office,13,7,scan-level,0.9,1.2580299745810688,0.9990740740740741,4.972008365554301
office,13,7,RP-count,0.9,1.9976624602269524,1.0,12.537013389197137
office,13,7,group-subsample,0.9,inf,1.0,inf
office,13,7,scan-level,0.95,1.6891425185743079,1.0,8.963599850015747
office,13,7,RP-count,0.95,1.9976624602269524,1.0,12.537013389197137
office,13,7,group-subsample,0.95,inf,1.0,inf
office,14,7,scan-level,0.9,0.7420840924570327,0.8962962962962963,1.7300398893668434
office,14,7,RP-count,0.9,0.9769181890289258,0.9435185185185185,2.9982391043440844
office,14,7,group-subsample,0.9,inf,1.0,inf
office,14,7,scan-level,0.95,0.8627714004557897,0.9074074074074074,2.3385214275583204
office,14,7,RP-count,0.95,0.9769181890289258,0.9435185185185185,2.9982391043440844
office,14,7,group-subsample,0.95,inf,1.0,inf
office,15,7,scan-level,0.9,1.1818960126517994,0.9277777777777778,4.3884222430831805
office,15,7,RP-count,0.9,1.3831542664223042,0.9287037037037037,6.0102303062544475
office,15,7,group-subsample,0.9,inf,1.0,inf
office,15,7,scan-level,0.95,1.2854221992317458,0.9287037037037037,5.1908856808919275
office,15,7,RP-count,0.95,1.3831542664223042,0.9287037037037037,6.0102303062544475
office,15,7,group-subsample,0.95,inf,1.0,inf
office,16,7,scan-level,0.9,0.7903929024717883,0.9888888888888889,1.9626187165203746
office,16,7,RP-count,0.9,1.2719219162791053,0.9990740740740741,5.082422605551779
office,16,7,group-subsample,0.9,inf,1.0,inf
office,16,7,scan-level,0.95,0.8331705871081998,0.9953703703703703,2.1808095109600516
office,16,7,RP-count,0.95,1.2719219162791053,0.9990740740740741,5.082422605551779
office,16,7,group-subsample,0.95,inf,1.0,inf
office,17,7,scan-level,0.9,0.9951517925813014,0.9574074074074074,3.1112043114676213
office,17,7,RP-count,0.9,1.7553967092781178,0.9990740740740741,9.680558916618908
office,17,7,group-subsample,0.9,inf,1.0,inf
office,17,7,scan-level,0.95,1.0364205781063123,0.9601851851851851,3.3745970871354056
office,17,7,RP-count,0.95,1.7553967092781178,0.9990740740740741,9.680558916618908
office,17,7,group-subsample,0.95,inf,1.0,inf
office,18,7,scan-level,0.9,0.786161646687386,0.9592592592592593,1.9416617627935153
office,18,7,RP-count,0.9,2.4468590671966015,1.0,18.809089992465037
office,18,7,group-subsample,0.9,inf,1.0,inf
office,18,7,scan-level,0.95,0.9171633336301424,0.9824074074074074,2.64267186495696
office,18,7,RP-count,0.95,2.4468590671966015,1.0,18.809089992465037
office,18,7,group-subsample,0.95,inf,1.0,inf
office,19,7,scan-level,0.9,0.8649056796681487,0.8092592592592592,2.3501055643942355
office,19,7,RP-count,0.9,1.1817490608321963,0.8981481481481481,4.38733103618223
office,19,7,group-subsample,0.9,inf,1.0,inf
office,19,7,scan-level,0.95,0.966873513070752,0.8527777777777777,2.9369002687462955
office,19,7,RP-count,0.95,1.1817490608321963,0.8981481481481481,4.38733103618223
office,19,7,group-subsample,0.95,inf,1.0,inf
apartment,0,21,scan-level,0.9,1.5734842865437197,0.9037356321839081,7.778120967849715
apartment,0,21,RP-count,0.9,1.8232117595057356,0.9563218390804598,10.442971658381603
apartment,0,21,group-subsample,0.9,1.8207135304599675,0.9557471264367816,10.414372609482617
apartment,0,21,scan-level,0.95,1.819876039734575,0.9557471264367816,10.404794019145532
apartment,0,21,RP-count,0.95,2.8004045422045722,0.9988505747126437,24.637203996459952
apartment,0,21,group-subsample,0.95,1.8347612378726557,0.9577586206896552,10.575696659500815
apartment,1,21,scan-level,0.9,1.4026124197368282,0.8971264367816092,6.1805230858085185
apartment,1,21,RP-count,0.9,1.5040587222578776,0.9091954022988505,7.106887778828898
apartment,1,21,group-subsample,0.9,1.423788748375264,0.8988505747126436,6.368556202585299
apartment,1,21,scan-level,0.95,1.498319485290103,0.9083333333333333,7.052753864841536
apartment,1,21,RP-count,0.95,2.3868450138205453,0.9683908045977011,17.89774483067912
apartment,1,21,group-subsample,0.95,2.3868450138205453,0.9683908045977011,17.89774483067912
apartment,2,21,scan-level,0.9,1.6322266509281116,0.9327586206896552,8.369717547703571
apartment,2,21,RP-count,0.9,2.003430657647027,0.9956896551724138,12.609518504500633
apartment,2,21,group-subsample,0.9,2.1690347346227536,0.9971264367816092,14.780287651146091
apartment,2,21,scan-level,0.95,1.9948978119191971,0.9954022988505747,12.502336410946995
apartment,2,21,RP-count,0.95,3.1397402185531207,0.9985632183908046,30.969721858742556
apartment,2,21,group-subsample,0.95,2.1897272889563215,0.9971264367816092,15.063640207616565
apartment,3,21,scan-level,0.9,1.3159015160717769,0.8982758620689655,5.439971785859597
apartment,3,21,RP-count,0.9,1.5585675474614504,0.9660919540229885,7.631345759074006
apartment,3,21,group-subsample,0.9,1.3539668533608935,0.9028735632183909,5.7592500879520365
apartment,3,21,scan-level,0.95,1.5456008281571283,0.9635057471264368,7.504893890165482
apartment,3,21,RP-count,0.95,3.843935316833518,0.9997126436781609,46.41966637337961
apartment,3,21,group-subsample,0.95,1.419481370078523,0.9204022988505747,6.3300809916930785
apartment,4,21,scan-level,0.9,1.6174361934864694,0.8994252873563219,8.218720038401433
apartment,4,21,RP-count,0.9,1.7462187720901414,0.9112068965517242,9.579595646738289
apartment,4,21,group-subsample,0.9,1.738778237729009,0.9100574712643679,9.498133395248459
apartment,4,21,scan-level,0.95,1.7442627325033346,0.9109195402298851,9.558146360064047
apartment,4,21,RP-count,0.95,3.3715041153763994,0.9988505747126437,35.710609357061315
apartment,4,21,group-subsample,0.95,1.7471706957249482,0.9114942528735632,9.590042824612237
apartment,5,21,scan-level,0.9,1.2580070588037255,0.85,4.971827230921206
apartment,5,21,RP-count,0.9,1.488320825628668,0.917816091954023,6.958938368382978
apartment,5,21,group-subsample,0.9,1.4958288672171025,0.9198275862068965,7.029326128777776
apartment,5,21,scan-level,0.95,1.4784554102170282,0.9149425287356322,6.866988726633243
apartment,5,21,RP-count,0.95,2.879717763948405,0.9988505747126437,26.052519132917507
apartment,5,21,group-subsample,0.95,1.6730155767356145,0.957471264367816,8.793258524128534
apartment,6,21,scan-level,0.9,1.1688369604012359,0.8382183908045977,4.29198054882648
apartment,6,21,RP-count,0.9,1.8549307264693204,0.925,10.809491471506847
apartment,6,21,group-subsample,0.9,1.9281453887090565,0.9272988505747126,11.679639248946826
apartment,6,21,scan-level,0.95,1.8482714952084287,0.9238505747126436,10.732018288704849
apartment,6,21,RP-count,0.95,3.748727613471003,0.9991379310344828,44.14867187595263
apartment,6,21,group-subsample,0.95,1.9340671343053222,0.9281609195402298,11.751490740190793
apartment,7,21,scan-level,0.9,1.4049284679299512,0.878735632183908,6.200950977879219
apartment,7,21,RP-count,0.9,1.5537441745667138,0.896264367816092,7.584184672813135
apartment,7,21,group-subsample,0.9,1.469388988661614,0.8896551724137931,6.78302526473634
apartment,7,21,scan-level,0.95,1.5407036314619365,0.8951149425287356,7.457411104816882
apartment,7,21,RP-count,0.95,2.1028078751992534,0.9744252873563218,13.89149741157229
apartment,7,21,group-subsample,0.95,1.6630466499770835,0.9255747126436782,8.6887787029118
apartment,8,21,scan-level,0.9,1.3996086310108264,0.9224137931034483,6.154079420797308
apartment,8,21,RP-count,0.9,1.5850380437074685,0.9347701149425287,7.892766480238637
apartment,8,21,group-subsample,0.9,1.4052427548292143,0.9235632183908046,6.203725632510869
apartment,8,21,scan-level,0.95,1.5742284459378824,0.9344827586206896,7.785479834481488
apartment,8,21,RP-count,0.95,3.7619552363099693,0.9985632183908046,44.46078433086593
apartment,8,21,group-subsample,0.95,1.4953983817030163,0.9321839080459771,7.025280762749602
apartment,9,21,scan-level,0.9,1.259968253568319,0.8709770114942529,4.987341169426868
apartment,9,21,RP-count,0.9,1.48961718572256,0.9063218390804598,6.971066423990307
apartment,9,21,group-subsample,0.9,1.2729375161413068,0.871264367816092,5.090542236769879
apartment,9,21,scan-level,0.95,1.484217989380266,0.9057471264367816,6.92062400703462
apartment,9,21,RP-count,0.95,3.3152220076489596,0.9991379310344828,34.528292827367665
apartment,9,21,group-subsample,0.95,1.3970483169883567,0.8971264367816092,6.131584612087957
apartment,10,21,scan-level,0.9,1.7807741238012191,0.9344827586206896,9.962481900951666
apartment,10,21,RP-count,0.9,2.11256053167714,0.9511494252873564,14.020651552817732
apartment,10,21,group-subsample,0.9,1.9992651449970311,0.9482758620689655,12.55713785054139
apartment,10,21,scan-level,0.95,2.103939162618539,0.9511494252873564,13.906448376674433
apartment,10,21,RP-count,0.95,3.4650743830399944,0.9994252873563219,37.72028768552718
apartment,10,21,group-subsample,0.95,2.1557154543213723,0.9525862068965517,14.59932387182213
apartment,11,21,scan-level,0.9,1.3360958049481333,0.896551724137931,5.608220408741127
apartment,11,21,RP-count,0.9,1.63645665998217,0.9290229885057472,8.413154967023988
apartment,11,21,group-subsample,0.9,1.330150547870428,0.8954022988505748,5.558421389960895
apartment,11,21,scan-level,0.95,1.6199982222212468,0.9287356321839081,8.24477766450737
apartment,11,21,RP-count,0.95,3.245363659129744,0.9939655172413793,33.08846422042527
apartment,11,21,group-subsample,0.95,1.3545008822440834,0.9017241379310345,5.7637940875661915
apartment,12,21,scan-level,0.9,1.4059667136884857,0.9129310344827586,6.2101194018794565
apartment,12,21,RP-count,0.9,1.7110292574938624,0.950287356321839,9.197393003086315
apartment,12,21,group-subsample,0.9,1.4591754383897773,0.928448275862069,6.689056961211103
apartment,12,21,scan-level,0.95,1.6637738307834995,0.9491379310344827,8.696378843859367
apartment,12,21,RP-count,0.95,3.3571206710513106,0.9988505747126437,35.406563506772784
apartment,12,21,group-subsample,0.95,2.0071794339321034,0.9795977011494252,12.656751973056236
apartment,13,21,scan-level,0.9,1.3327077999321533,0.8669540229885058,5.57981437929478
apartment,13,21,RP-count,0.9,1.5185551027210042,0.9037356321839081,7.244542818467537
apartment,13,21,group-subsample,0.9,1.4919568894576012,0.9005747126436782,6.992982174341754
apartment,13,21,scan-level,0.95,1.5147538942019592,0.9031609195402299,7.20831950118941
apartment,13,21,RP-count,0.95,3.2675071354168455,0.9985632183908046,33.54153717310363
apartment,13,21,group-subsample,0.95,3.0799380772996074,0.9985632183908046,29.801206219912437
apartment,14,21,scan-level,0.9,1.6727462449516965,0.9316091954022988,8.790427572156531
apartment,14,21,RP-count,0.9,1.8423921840911068,0.9339080459770115,10.663850252015367
apartment,14,21,group-subsample,0.9,1.6921344627422494,0.9318965517241379,8.995382060947783
apartment,14,21,scan-level,0.95,1.8330421489971256,0.9336206896551724,10.555888038173991
apartment,14,21,RP-count,0.95,3.257455399541182,0.9942528735632183,33.33548890741411
apartment,14,21,group-subsample,0.95,2.036624658595687,0.9362068965517242,13.030823672265884
apartment,15,21,scan-level,0.9,1.4132637970315378,0.8586206896551725,6.274748748603929
apartment,15,21,RP-count,0.9,1.7058731488595507,0.906896551724138,9.142044675042786
apartment,15,21,group-subsample,0.9,1.5892639805897568,0.8873563218390804,7.934909060730953
apartment,15,21,scan-level,0.95,1.688312388155699,0.9054597701149425,8.954791678553748
apartment,15,21,RP-count,0.95,3.0316706945181235,0.9988505747126437,28.874463530463974
apartment,15,21,group-subsample,0.95,1.803796884352559,0.9330459770114943,10.221747238228525
apartment,16,21,scan-level,0.9,1.4769352050784086,0.878735632183908,6.852874179159193
apartment,16,21,RP-count,0.9,1.599895196567575,0.9117816091954023,8.04142362867756
apartment,16,21,group-subsample,0.9,1.5114343915631931,0.8925287356321839,7.176760820683332
apartment,16,21,scan-level,0.95,1.5834964856291913,0.9089080459770115,7.8774214337540345
apartment,16,21,RP-count,0.95,3.5544956998145323,0.9945402298850575,39.69226288091138
apartment,16,21,group-subsample,0.95,1.907904567844,0.9626436781609196,11.435710915677385
apartment,17,21,scan-level,0.9,1.5786090079560544,0.9350574712643678,7.828868998938742
apartment,17,21,RP-count,0.9,1.9453269545246115,0.9764367816091954,11.888719528538187
apartment,17,21,group-subsample,0.9,1.5931838814148227,0.9353448275862069,7.974100052093369
apartment,17,21,scan-level,0.95,1.9365896622671512,0.9764367816091954,11.782164748205611
apartment,17,21,RP-count,0.95,3.3899956342154773,0.9985632183908046,36.1034039431767
apartment,17,21,group-subsample,0.95,1.598515311155949,0.9359195402298851,8.027558397996504
apartment,18,21,scan-level,0.9,1.4678550337141607,0.8864942528735632,6.768870504876322
apartment,18,21,RP-count,0.9,1.7457055880073247,0.9077586206896552,9.573965912703049
apartment,18,21,group-subsample,0.9,1.5542622687307313,0.892816091954023,7.589243390967654
apartment,18,21,scan-level,0.95,1.7383541641449247,0.906896551724138,9.493500928385187
apartment,18,21,RP-count,0.95,3.298317631763199,0.9994252873563219,34.17706980586387
apartment,18,21,group-subsample,0.95,2.1028711800773725,0.9729885057471265,13.89233382920039
apartment,19,21,scan-level,0.9,1.4010528612440003,0.8956896551724138,6.166786534762549
apartment,19,21,RP-count,0.9,1.7178025031999453,0.9468390804597702,9.270354356182935
apartment,19,21,group-subsample,0.9,1.488030967419697,0.9014367816091954,6.9562280535688705
apartment,19,21,scan-level,0.95,1.690280166126314,0.9448275862068966,8.975677991824464
apartment,19,21,RP-count,0.95,3.2528476140145264,0.9988505747126437,33.2412471596643
apartment,19,21,group-subsample,0.95,2.280500716947925,0.9692528735632184,16.338429140077505
building,0,121,scan-level,0.9,1.3320375370086237,0.9355870020964361,5.574203243488058
building,0,121,RP-count,0.9,1.3553523527112805,0.9390985324947589,5.771042872791389
building,0,121,group-subsample,0.9,1.3035536045748177,0.930503144654088,5.338357599797764
building,0,121,scan-level,0.95,1.556161945300039,0.9619496855345911,7.607806433639192
building,0,121,RP-count,0.95,1.6112715475673247,0.964517819706499,8.156190280879212
building,0,121,group-subsample,0.95,1.615689326572404,0.9646750524109015,8.200976825748745
building,1,121,scan-level,0.9,1.3472965523595766,0.9359014675052411,5.702644117537425
building,1,121,RP-count,0.9,1.3813804689512572,0.9431341719077568,5.994824800691871
building,1,121,group-subsample,0.9,1.3057610807494628,0.9264150943396227,5.356453173482457
building,1,121,scan-level,0.95,1.8607837058615928,0.9743186582809225,10.877814828537124
building,1,121,RP-count,0.95,2.0155574911175327,0.9766771488469602,12.762632190614244
building,1,121,group-subsample,0.95,1.8692169483502978,0.9743186582809225,10.976636767048436
building,2,121,scan-level,0.9,1.4041794757081427,0.9395702306079664,6.19434106693605
building,2,121,RP-count,0.9,1.4450633204119465,0.9475890985324947,6.560298911967434
building,2,121,group-subsample,0.9,1.4992531474037323,0.9534067085953878,7.061546303032985
building,2,121,scan-level,0.95,1.9565786465153925,0.9844339622641509,12.026644996472463
building,2,121,RP-count,0.95,2.073082728691742,0.9875786163522012,13.501534782738549
building,2,121,group-subsample,0.95,2.106246785160749,0.9883647798742138,13.936970582932208
building,3,121,scan-level,0.9,1.318678126003461,0.9419287211740042,5.462953164439134
building,3,121,RP-count,0.9,1.3468555973080412,0.9458071278825996,5.698911905464958
building,3,121,group-subsample,0.9,1.3389085106907035,0.9444444444444444,5.631857751866729
building,3,121,scan-level,0.95,1.5878362635989904,0.9720125786163522,7.920658796454282
building,3,121,RP-count,0.95,1.6654717049532841,0.9763626834381551,8.71413713615675
building,3,121,group-subsample,0.95,1.4490562445950812,0.9590146750524109,6.596603156672319
building,4,121,scan-level,0.9,1.3176038858473373,0.9165618448637316,5.454056174044178
building,4,121,RP-count,0.9,1.3551472244741527,0.9240041928721174,5.769296147275981
building,4,121,group-subsample,0.9,1.3013838787997956,0.9131027253668763,5.320601318119676
building,4,121,scan-level,0.95,1.6536069666036115,0.9692348008385744,8.590421217458381
building,4,121,RP-count,0.95,1.7392745614192142,0.9738993710691823,9.503556538150796
building,4,121,group-subsample,0.95,1.7986772917897198,0.97562893081761,10.163806216599845
building,5,121,scan-level,0.9,1.5187307932027416,0.9633647798742139,7.2462192421206835
building,5,121,RP-count,0.9,1.549358576960156,0.9664046121593292,7.541430864054141
building,5,121,group-subsample,0.9,1.7140011668607478,0.9765723270440252,9.22937089771611
building,5,121,scan-level,0.95,2.0034672445538004,0.9854297693920335,12.609979061983646
building,5,121,RP-count,0.95,2.083512658948824,0.9875786163522012,13.637732249049629
building,5,121,group-subsample,0.95,2.109238962279998,0.9883123689727463,13.976596999036447
building,6,121,scan-level,0.9,1.4442880599104875,0.9630503144654088,6.553261744423393
building,6,121,RP-count,0.9,1.4759200520353408,0.964727463312369,6.8434569410208
building,6,121,group-subsample,0.9,1.544486969838204,0.9695492662473795,7.494080779579228
building,6,121,scan-level,0.95,1.7172314928395662,0.9760482180293502,9.2641923106885
building,6,121,RP-count,0.95,1.8024705268048071,0.9779874213836478,10.206720372247876
building,6,121,group-subsample,0.95,1.8826640698754522,0.9791404612159329,11.135136399607354
building,7,121,scan-level,0.9,1.4614745977949808,0.9474842767295597,6.710152881543671
building,7,121,RP-count,0.9,1.5249459006797583,0.9537211740041929,7.305648052216918
building,7,121,group-subsample,0.9,1.451796128938217,0.9468029350104822,6.6215725350830255
building,7,121,scan-level,0.95,1.8688317206212035,0.9679769392033543,10.972112873627292
building,7,121,RP-count,0.95,2.0048042298439017,0.9790880503144654,12.62681485701424
building,7,121,group-subsample,0.95,2.279924560155445,0.9873689727463313,16.330174542548345
building,8,121,scan-level,0.9,1.4066499209113827,0.9411425576519916,6.216156286322592
building,8,121,RP-count,0.9,1.4557197532492332,0.9494758909853249,6.657411824075229
building,8,121,group-subsample,0.9,1.6424031173862284,0.970020964360587,8.474408483946627
building,8,121,scan-level,0.95,1.9053283181646172,0.9789308176100628,11.404848412103368
building,8,121,RP-count,0.95,2.045065280131663,0.9827568134171908,13.139057822367352
building,8,121,group-subsample,0.95,2.133850041591489,0.984538784067086,14.304664095072862
building,9,121,scan-level,0.9,1.2215743939687012,0.9186582809224318,4.688022787763446
building,9,121,RP-count,0.9,1.2508589049129382,0.9273584905660377,4.915486662253946
building,9,121,group-subsample,0.9,1.2611264805720317,0.9297169811320755,4.996514619975347
building,9,121,scan-level,0.95,1.464177584857794,0.9652515723270441,6.734996596248265
building,9,121,RP-count,0.95,1.5448598641948101,0.9727987421383648,7.497699894316194
building,9,121,group-subsample,0.95,1.6780333727313053,0.9787735849056604,8.846084027607525
