dataset,seed,ratio,paper_metric_m,rmse2d_m,p90_m
office,0,1.0,0.37652968786149443,0.5325275529809694,0.8392158915384951
office,0,0.7,0.33764969041710635,0.47750903799862304,0.740179018114609
office,1,1.0,0.3670728873064615,0.5194275234622671,0.8142511893509197
office,1,0.7,0.33861807905583513,0.478912749314816,0.740539535834366
office,2,1.0,0.374872268227186,0.5302486854483971,0.8489925028411772
office,2,0.7,0.3416581802742466,0.4831956330449648,0.7576728405958602
office,3,1.0,0.37119453687784754,0.52506801398944,0.8388976597959438
office,3,0.7,0.3436545254994947,0.48606714629705444,0.7605524361060381
office,4,1.0,0.37463353780229397,0.5298328972321884,0.831674090636563
office,4,0.7,0.33831077126352593,0.47844373688443276,0.7515945679055017
office,5,1.0,0.36520143503220903,0.5167443605627002,0.8160892602031273
office,5,0.7,0.33984829744181155,0.4806208498611404,0.7423963925817062
office,6,1.0,0.3744395571693465,0.5297072879250536,0.8343045340614875
office,6,0.7,0.3399579557736665,0.48077315300590007,0.7440363488514137
office,7,1.0,0.3721883090303468,0.5264703135841479,0.8289480346466096
office,7,0.7,0.33311845800169526,0.471145035770268,0.7197138677202829
office,8,1.0,0.37038928089369416,0.5239066738009146,0.828806642944474
office,8,0.7,0.33549032797132505,0.4745279341726736,0.7515480471981988
office,9,1.0,0.3792297269845525,0.5363792561207088,0.8454705911831326
office,9,0.7,0.3349644433942906,0.4737133586900299,0.7345580073583772
apartment,0,1.0,0.5968234767269425,0.8629769417678484,1.15996502466946
apartment,0,0.7,0.5608414545943602,0.806838039210622,1.2686556642203803
apartment,1,1.0,0.5987778602720089,0.8651578712356027,1.1217085112463228
apartment,1,0.7,0.5666593966107158,0.8156379101977322,1.2519041361933227
apartment,2,1.0,0.5973320799087707,0.8639644603163114,1.1616168584200202
apartment,2,0.7,0.5657051375137061,0.8156622325504567,1.2385808175723607
apartment,3,1.0,0.601785357126617,0.8691746085970787,1.1478594911927227
apartment,3,0.7,0.5685520903860168,0.8186690031042327,1.2683596654321334
apartment,4,1.0,0.5976128002518444,0.8643456835072998,1.1557961222323048
apartment,4,0.7,0.5644333961268448,0.813724536632171,1.2688329875444897
apartment,5,1.0,0.5956737507931749,0.8597407947253303,1.160051577516986
apartment,5,0.7,0.5782903832215159,0.8353137184219519,1.2786105496497875
apartment,6,1.0,0.6001398131758593,0.8673225540072477,1.1488846765450393
apartment,6,0.7,0.559193879904791,0.8052188923787608,1.22831816505234
apartment,7,1.0,0.5998393773881024,0.8673299414884158,1.1340364026206806
apartment,7,0.7,0.577110731692078,0.8351295509108737,1.2824830488207748
apartment,8,1.0,0.596812723910287,0.861792581600207,1.1312028288189437
apartment,8,0.7,0.5728974757230136,0.8265379003903023,1.2528959289343415
apartment,9,1.0,0.5972853227013719,0.863376361986348,1.1498136772939132
apartment,9,0.7,0.558588778489933,0.8039322091852753,1.2227095758974054
building,0,1.0,0.6047337073903303,0.8592109314206783,1.2218610342980998
building,0,0.7,0.5257856001271912,0.7505940091842102,1.082711780124155
building,1,1.0,0.6091599454672874,0.8669721946817215,1.2085882673399138
building,1,0.7,0.5155788749150807,0.7350863514034802,1.0754790559355385
building,2,1.0,0.6059689190626507,0.8623034176810738,1.2416547023396451
building,2,0.7,0.5179607360100359,0.7396562727331694,1.090419001055961
building,3,1.0,0.6102263769667078,0.8675078755226389,1.230340114759844
building,3,0.7,0.5190352939059921,0.7407463491732088,1.0895771652568313
building,4,1.0,0.5996785334542856,0.8521798522909927,1.2194590601452648
building,4,0.7,0.516045658765355,0.7375361799080817,1.0812344796004365
building,5,1.0,0.6016597372111174,0.855060761698408,1.2160018069269862
building,5,0.7,0.5125237751023229,0.7314441042713138,1.0841606863892754
building,6,1.0,0.6014408916903954,0.854521291302677,1.2316663500552794
building,6,0.7,0.5190739991407765,0.741375514562596,1.085794637686895
building,7,1.0,0.6002225472960493,0.8533858305061047,1.2094506133695286
building,7,0.7,0.5136840659002283,0.7327345839613776,1.0905831451129155
building,8,1.0,0.6144265312227734,0.8733846273919671,1.2229320504142662
building,8,0.7,0.5234914939784061,0.7474471046897745,1.0921205059718364
building,9,1.0,0.605725503618718,0.8606120387228988,1.2304961575564737
building,9,0.7,0.5162343446673119,0.7374903982886198,1.0801283253082914
