dataset,p,mtry,ratio,seed,test_paper_metric_m,test_rmse2d_m,test_mean_m,test_p90_m,cv_paper_metric_m,cv_rmse2d_m,cv_mean_m,cv_p90_m
office,6,1,0.16666666666666666,0,0.4113807387826258,0.5818928046442127,0.5014704012516817,0.9489408848139027,0.41825884473219177,0.5990329173582231,0.5098591093566587,1.0632193266854875
office,6,1,0.16666666666666666,1,0.40660772676279683,0.5752324917007301,0.49533039432124304,0.9364276287328842,0.42444289687683073,0.6075250868176946,0.5160285389233935,1.0661765718181517
office,6,1,0.16666666666666666,2,0.40195547174193774,0.5685038366667229,0.49773764264222004,0.8988789582642092,0.4266692792036406,0.60901972383516,0.5139711569569766,1.1052115385788122
office,6,2,0.3333333333333333,0,0.3559326834056993,0.5033689924996199,0.45399453676760404,0.7850311205359051,0.4262530335225781,0.6083844546142837,0.5092989591575813,0.9856292501259986
office,6,2,0.3333333333333333,1,0.3497999853370344,0.4947114851126006,0.44626732311861345,0.7560412195279108,0.4214401344932618,0.6013948224357658,0.5072600525815041,0.9917770820882864
office,6,2,0.3333333333333333,2,0.34828194493947995,0.4926010406153014,0.44280168683357846,0.7752248703805213,0.4243290560052099,0.6060630699111021,0.5101900654129256,1.028401059112187
office,6,3,0.5,0,0.33573991734628134,0.4748108881517555,0.42689885031339153,0.7332452544133999,0.4440340894556925,0.635804504784151,0.5303355383940622,0.9472941432329666
office,6,3,0.5,1,0.3393179142146875,0.4798680142827685,0.43396387819408905,0.7397881240410322,0.4353678361670733,0.6221207983071637,0.5215990021134426,0.9450619143551516
office,6,3,0.5,2,0.3466700604749977,0.4902677077984313,0.44260047010992953,0.7503137498173988,0.4335589899941256,0.620975797302173,0.5206607855110027,0.924556811906709
office,6,4,0.6666666666666666,0,0.33764969041710635,0.47750903799862304,0.4322357801840409,0.740179018114609,0.4576359524214497,0.6567933539953267,0.5462044569463643,0.8843240442761013
office,6,4,0.6666666666666666,1,0.33861807905583513,0.478912749314816,0.43104952654002276,0.740539535834366,0.46758748071271683,0.670303817519526,0.5584115469453846,0.8900897351035845
office,6,4,0.6666666666666666,2,0.3416581802742466,0.4831956330449648,0.4337031617620105,0.7576728405958602,0.4656986688617542,0.6688368973111913,0.5562364914170405,0.9112624079173622
office,6,5,0.8333333333333334,0,0.34480133917735833,0.48762555179552364,0.43819754192777743,0.7830905609806325,0.5188843717138053,0.7497660921092232,0.6066031864404382,1.0137485105387989
office,6,5,0.8333333333333334,1,0.3455539850477817,0.4886896997594459,0.43951529033183967,0.7702068787742105,0.5251302075461252,0.7574954090448063,0.6168123204095193,1.0640142920682014
office,6,5,0.8333333333333334,2,0.3455792523163838,0.4887399599897074,0.4360997781797218,0.7852433771661362,0.5167708285360082,0.7475869484052848,0.6080442143141448,0.995539449325676
office,6,6,1.0,0,0.37652968786149443,0.5325275529809694,0.47818152162595606,0.8392158915384951,0.6047176230761611,0.8776541605624975,0.6982031622757545,1.2698042018796092
office,6,6,1.0,1,0.3670728873064615,0.5194275234622671,0.4680343049169868,0.8142511893509197,0.5989941283664445,0.8674237320286863,0.692485665206667,1.2526620012774574
office,6,6,1.0,2,0.374872268227186,0.5302486854483971,0.47585990474485895,0.8489925028411772,0.6009853664963538,0.8707282622597688,0.6968646715151066,1.2505006341906073
apartment,8,1,0.125,0,0.7147200930182194,1.0162478839609814,0.8129458851867986,1.7168029696921894,0.6686180660502457,0.9516992318053693,0.8295377509033092,1.5271945932073063
apartment,8,1,0.125,1,0.7109295639264835,1.010737863989051,0.8058409286057572,1.705714820546412,0.6756267296415255,0.9627422448359527,0.834983843981699,1.5735642279446094
apartment,8,1,0.125,2,0.6925171207459322,0.9843257324616718,0.7939232438065629,1.6613796930423081,0.6663560984827847,0.9476760790559264,0.8207545885371811,1.5457787844412123
apartment,8,2,0.25,0,0.6311994251719775,0.901479464043388,0.7367242427631395,1.5851574768223327,0.6196948775727434,0.8832150025564222,0.7687846217567406,1.386878116572946
apartment,8,2,0.25,1,0.6470432079190982,0.9238345272542732,0.7403915501844412,1.7306603216327292,0.6257677806114961,0.8919132944997231,0.7747755418126789,1.3944222592588813
apartment,8,2,0.25,2,0.6423040126038475,0.9151989791811684,0.7403028648801822,1.6158522299261413,0.6175504346072764,0.8798948329227279,0.7663083737383,1.3988410287874287
apartment,8,3,0.375,0,0.5966542800341608,0.852758448018351,0.6973937168577212,1.5325743380488888,0.6074030724706174,0.8656744744819194,0.7459101946425674,1.3821449288825651
apartment,8,3,0.375,1,0.6075275038139125,0.8702117608316122,0.7059760591913058,1.6105649592205302,0.604838345814297,0.86172370498706,0.7443485244327325,1.370858812679705
apartment,8,3,0.375,2,0.6124912573883192,0.8768080673343105,0.7090994699941836,1.5838298485946325,0.6110692217745952,0.8715469780302036,0.7518446371269734,1.3901829039216074
apartment,8,4,0.5,0,0.5717260557173008,0.8192144965491772,0.6667141529077578,1.3775039864526148,0.6117428211884972,0.8718361073753809,0.7458271004639749,1.382646177118332
apartment,8,4,0.5,1,0.5894452338316245,0.8482221886318209,0.6831638128375668,1.3701214596385918,0.6098336714937098,0.8693357555067369,0.74434870458453,1.3755972242987078
apartment,8,4,0.5,2,0.577564449997291,0.8312592595560672,0.6756578717994813,1.3946766977538763,0.6093723481250546,0.8686482882946363,0.7449860165454794,1.3981727046029542
apartment,8,5,0.625,0,0.5608414545943602,0.806838039210622,0.6632931371305761,1.2686556642203803,0.6201783296705088,0.8832295832106375,0.7518632763799111,1.4100295261372453
apartment,8,5,0.625,1,0.5666593966107158,0.8156379101977322,0.6635228587066286,1.2519041361933227,0.6178767324062707,0.8803619255737949,0.7479546680859036,1.3963975592219542
apartment,8,5,0.625,2,0.5657051375137061,0.8156622325504567,0.6672648570388431,1.2385808175723607,0.6118989392889977,0.8724962636636308,0.7433292040065571,1.3765720335066325
apartment,8,6,0.75,0,0.5630961031838774,0.813862091850778,0.661394833118114,1.2030341369823156,0.631397277957476,0.8993366296327404,0.7613004508801503,1.3836278750493824
apartment,8,6,0.75,1,0.5609460138544746,0.8091554465266103,0.6591185824757718,1.2007501717562779,0.6350478144227243,0.9047798054020516,0.7644768164078657,1.395019529598033
apartment,8,6,0.75,2,0.5618716987350802,0.811282111512247,0.6515845491163028,1.204397162241457,0.6312661769599242,0.898647439732775,0.7627707277388046,1.3950596241304127
apartment,8,7,0.875,0,0.5673479642880477,0.8176437044350668,0.660530264919199,1.1556902933428244,0.6587743132346657,0.937613735064216,0.7892479490339083,1.443734648225872
apartment,8,7,0.875,1,0.5583388171156978,0.8046984643794921,0.654064170076034,1.1334297684449313,0.6618154856636597,0.9415379129283543,0.7926036422326072,1.4701179272425728
apartment,8,7,0.875,2,0.5653622600837737,0.8177152358226865,0.6560274159974824,1.1580580181381064,0.6582782466445348,0.9366116962912803,0.7904716746705944,1.4663416264549394
apartment,8,8,1.0,0,0.5968234767269425,0.8629769417678484,0.681658808379252,1.15996502466946,0.7035603148547157,0.9998632285727143,0.8423148579445081,1.5872295140136856
apartment,8,8,1.0,1,0.5987778602720089,0.8651578712356027,0.6788690418135924,1.1217085112463228,0.7057034971639526,1.0023872924420894,0.8438232356393962,1.5626627516090417
apartment,8,8,1.0,2,0.5973320799087707,0.8639644603163114,0.6835195999753875,1.1616168584200202,0.7046317325182299,1.0009973224599635,0.8443678283428953,1.590528686539801
building,26,1,0.038461538461538464,0,0.6249171381386831,0.8930337870572216,0.7649073558323968,1.3329319543315974,0.7460531403338404,1.0620518606205736,0.8820868396262902,1.5401119439761979
building,26,1,0.038461538461538464,1,0.6182129835985353,0.8841366018990829,0.7614223900104963,1.2856448960380755,0.7535961221991794,1.0720015613029237,0.8841224226316552,1.5571619054672263
building,26,1,0.038461538461538464,2,0.6287605597482596,0.8996371441362341,0.7692090266809715,1.3053949592602214,0.7546928622161233,1.0733089612354507,0.8875487003168198,1.5599132026618951
building,26,2,0.07692307692307693,0,0.5879617414969278,0.841792999457394,0.7191814799259347,1.2103604421701268,0.7107749842204969,1.0154093888214808,0.8409091829942515,1.4577475742541204
building,26,2,0.07692307692307693,1,0.5931299718006491,0.8497874327108957,0.7306617270804403,1.2255116466743223,0.7177916861356326,1.0244689756016547,0.8482183716799648,1.4874988702143166
building,26,2,0.07692307692307693,2,0.593437366554834,0.8483866478772082,0.727912835538733,1.2232453396367602,0.7191680174802855,1.0260686981328866,0.8463190123719876,1.4782788631287491
building,26,5,0.19230769230769232,0,0.5392732875307404,0.7701586938989283,0.6462150712626736,1.0914031247957483,0.6633414873069075,0.9478820057407791,0.7773430877032216,1.3237185501233335
building,26,5,0.19230769230769232,1,0.5298309752097384,0.7586269017854022,0.6451130139940485,1.0948760650782543,0.6579343759324088,0.9405472606067298,0.7722851298316123,1.316129172865448
building,26,5,0.19230769230769232,2,0.5283170952014131,0.7570746626828355,0.6434185054164864,1.0769672006860735,0.667950319456087,0.9533618392240036,0.7778965455987803,1.3320214712977312
building,26,8,0.3076923076923077,0,0.5145373819921178,0.736760496502239,0.624734652781979,1.0790226943373136,0.6493110687982748,0.9270009654568154,0.754886906223511,1.297942987830399
building,26,8,0.3076923076923077,1,0.509996643899766,0.7304071217110707,0.620695189245838,1.060448772913652,0.6552103370779356,0.9346668488868698,0.7581455286788106,1.2844500768047071
building,26,8,0.3076923076923077,2,0.5176209392150151,0.7411363412631956,0.6255605080288916,1.0551549649222143,0.655653405240038,0.9349900344888535,0.7584952950270464,1.2960131172155023
building,26,13,0.5,0,0.5051046930926181,0.72246191380491,0.6173873329807573,1.0722587363273495,0.6704362186381143,0.953860561791016,0.7670882388678238,1.300933006726477
building,26,13,0.5,1,0.5073140550262462,0.7267739718096557,0.6161294372016811,1.0739193627259203,0.6661023720610244,0.9486425288670026,0.7657533425613559,1.3118724022896995
building,26,13,0.5,2,0.5095866436833648,0.7290409299621989,0.619400787414927,1.0897408865241063,0.67048008154979,0.9539443001781424,0.7650011908289597,1.301084162780816
building,26,18,0.6923076923076923,0,0.5257856001271912,0.7505940091842102,0.6382240543042247,1.082711780124155,0.7073649310987493,1.004110821727921,0.7937224343565622,1.351284425229479
building,26,18,0.6923076923076923,1,0.5155788749150807,0.7350863514034803,0.6330863157889371,1.0754790559355385,0.7071311634915369,1.0038696737312742,0.7946613114921203,1.3536866696917718
building,26,18,0.6923076923076923,2,0.5179607360100359,0.7396562727331694,0.6320191054919164,1.090419001055961,0.7020848230255681,0.9973235290082225,0.7914265418529646,1.3249981132062039
building,26,22,0.8461538461538461,0,0.5371089254177789,0.7654088277149648,0.6566937227155841,1.1090410270754594,0.7705596038443433,1.0917103868504425,0.8393468890975032,1.4355970186474745
building,26,22,0.8461538461538461,1,0.5478593684947528,0.7813063449265132,0.6657620041105038,1.0996055656297756,0.7750904019480003,1.0982027138320924,0.8416077119839023,1.452256451078427
building,26,22,0.8461538461538461,2,0.5415887625033121,0.7724844674802345,0.6638323524758143,1.1174218522643025,0.7597063082969912,1.0761693309873481,0.8335932427713946,1.4261695551320903
building,26,26,1.0,0,0.6047337073903303,0.8592109314206783,0.7298394669558909,1.2218610342980998,0.8869030816482121,1.2546386463466783,0.9324121244816664,1.6241774533590425
building,26,26,1.0,1,0.6091599454672874,0.8669721946817215,0.7328384951522751,1.2085882673399138,0.8901704665491201,1.2591067453821525,0.9332715188703312,1.61107653160782
building,26,26,1.0,2,0.6059689190626507,0.8623034176810738,0.732024052724928,1.2416547023396451,0.8878734949603708,1.2559709840191904,0.9337654864092882,1.6237312585496595
