dataset,model,test_paper_metric_m,test_rmse2d_m,test_mean_m,test_p90_m,cv_paper_metric_m,cv_rmse2d_m,cv_mean_m,cv_p90_m
office,RF-F1.0,0.37652968786149443,0.5325275529809694,0.47818152162595606,0.8392158915384951,0.6047176230761611,0.8776541605624975,0.6982031622757545,1.2698042018796092
office,RF-F0.7,0.33764969041710635,0.47750903799862304,0.4322357801840409,0.740179018114609,0.4576359524214497,0.6567933539953267,0.5462044569463643,0.8843240442761013
office,RF-sqrt,0.3559326834056993,0.5033689924996199,0.45399453676760404,0.7850311205359051,0.4262530335225781,0.6083844546142837,0.5092989591575813,0.9856292501259986
office,RF-third,0.3559326834056993,0.5033689924996199,0.45399453676760404,0.7850311205359051,0.4262530335225781,0.6083844546142837,0.5092989591575813,0.9856292501259986
office,ET-F1.0,0.34953820762929955,0.4945852502024801,0.43649822121671594,0.7983733909574448,0.3830359743921137,0.5433358037765497,0.4743537176859773,0.9051252571781089
office,ET-F0.7,0.3591504097262814,0.5084745439257242,0.44105782915521735,0.83586718325109,0.3840774832043071,0.5456280304135014,0.47296521928022783,0.9198636666777874
office,KNN-k10-dist,0.39470334234485094,0.5590858861447104,0.5190519584093349,0.8449737771235679,0.4629551592004777,0.6638713198167574,0.6119023082156729,0.91
office,HGB,0.3520440558673631,0.5113067273136227,0.42870169985607837,0.637099472320697,0.43148329143728115,0.6102385092187655,0.536938744426711,0.946979750130048
apartment,RF-F1.0,0.5968234767269425,0.8629769417678484,0.681658808379252,1.15996502466946,0.7035603148547157,0.9998632285727143,0.8423148579445081,1.5872295140136856
apartment,RF-F0.7,0.5608414545943602,0.806838039210622,0.6632931371305761,1.2686556642203803,0.6201783296705088,0.8832295832106375,0.7518632763799111,1.4100295261372453
apartment,RF-sqrt,0.6311994251719775,0.901479464043388,0.7367242427631395,1.5851574768223327,0.6196948775727434,0.8832150025564222,0.7687846217567406,1.386878116572946
apartment,RF-third,0.6311994251719775,0.901479464043388,0.7367242427631395,1.5851574768223327,0.6196948775727434,0.8832150025564222,0.7687846217567406,1.386878116572946
apartment,ET-F1.0,0.62883117398205,0.892809157865115,0.7272350399000724,1.4921983569934498,0.6094108063116748,0.8683200270253665,0.7548843815550651,1.4149409701637963
apartment,ET-F0.7,0.6546476235732017,0.9287151449748987,0.7516500706999384,1.5018727054696448,0.620950090906452,0.8820917281603364,0.7730759035360739,1.4026407938008503
apartment,KNN-k10-dist,0.8548683772814677,1.2171854446791261,1.0130195398344117,1.9790907002964762,0.8264211713774268,1.1847575695946004,1.0036935673744374,1.9200000000000008
apartment,HGB,0.8336613837527879,1.2389562471972548,0.8080394894754211,1.651306078342674,0.6829225107770831,0.972466273286577,0.807446530335337,1.5970915571733983
building,RF-F1.0,0.6047337073903303,0.8592109314206783,0.7298394669558909,1.2218610342980998,0.8869030816482121,1.2546386463466783,0.9324121244816664,1.6241774533590425
building,RF-F0.7,0.5257856001271912,0.7505940091842102,0.6382240543042247,1.082711780124155,0.7073649310987493,1.004110821727921,0.7937224343565622,1.351284425229479
building,RF-sqrt,0.5392732875307404,0.7701586938989283,0.6462150712626736,1.0914031247957483,0.6633414873069075,0.9478820057407791,0.7773430877032216,1.3237185501233335
building,RF-third,0.5145373819921178,0.736760496502239,0.624734652781979,1.0790226943373136,0.6493110687982748,0.9270009654568154,0.754886906223511,1.297942987830399
building,ET-F1.0,0.5426639051894782,0.7771091251295762,0.6693319627352565,1.151149336948549,0.6983944311308563,0.9933843529424082,0.8033859605144904,1.3687082960773478
building,ET-F0.7,0.5590780626453677,0.8020910290409216,0.6846443518274854,1.1630009439548625,0.7045404878479116,1.001958732381528,0.8129143060937243,1.4293885403070665
building,KNN-k10-dist,0.9411941766784272,1.3348806358875853,1.1161595449048947,1.8973665961010295,1.1615486267204986,1.6746077289820436,1.2483342936583461,2.163330765278395
building,HGB,0.619995819609428,0.8829845159350568,0.6907351112508617,1.1594126198455958,0.7648915534319507,1.083993665780418,0.8012992615238607,1.4746730572778717
