y_flip_day2,scenario,seed,max_features,sample_cv_rmse2d,rp_grouped_cv_rmse2d,d1_to_d2_rmse2d,d2_to_d1_rmse2d
False,Medium_4Google,0,1.0,0.6150390027740789,4.874509934715944,5.332477250626057,5.4890963498355365
False,Medium_4Google,0,0.7,0.5226528314495413,4.7487208022746055,5.274379131091059,5.404734289581478
False,Medium_4Google,1,1.0,0.6034246490012007,4.877532368492175,5.323762331584683,5.491615922282502
False,Medium_4Google,1,0.7,0.513147324914266,4.727037703575277,5.254802147826308,5.417865050286058
False,Medium_4Google,2,1.0,0.6349221684584657,4.869673344609472,5.327797162038191,5.481772600642569
False,Medium_4Google,2,0.7,0.5311239369906475,4.736806192080625,5.2611872940705,5.420308848010624
False,High_4Google_3Linksys,0,1.0,0.5816882085027267,4.335572219652467,5.346914337605276,5.504803953622894
False,High_4Google_3Linksys,0,0.7,0.460723857520847,4.139436507781653,5.1667374280917775,5.401109533814946
False,High_4Google_3Linksys,1,1.0,0.590336356099922,4.318265359475312,5.333956278219342,5.481278380978091
False,High_4Google_3Linksys,1,0.7,0.4668748712687619,4.119229070180759,5.177926863326244,5.393975223442462
False,High_4Google_3Linksys,2,1.0,0.6058376372153412,4.335093334604612,5.328251126080467,5.492558800154587
False,High_4Google_3Linksys,2,0.7,0.4697496297674621,4.127835966206884,5.168480151895074,5.388044815387327
True,Medium_4Google,0,1.0,0.333330036250361,2.8900895781888067,1.3485504421826762,1.5901407870583975
True,Medium_4Google,0,0.7,0.2808173669843105,2.4864816676134573,1.2556445430490555,1.2709572449841944
True,Medium_4Google,1,1.0,0.3653709990315778,2.9059541926190096,1.3272618542950174,1.5849825612500288
True,Medium_4Google,1,0.7,0.31260302635913423,2.507573834215946,1.2386041657715552,1.2461125311053625
True,Medium_4Google,2,1.0,0.3991926109313934,2.9231599942527944,1.3466060794291463,1.6053633857652259
True,Medium_4Google,2,0.7,0.3494220457333018,2.496157463480399,1.2685597121495196,1.2597333722833894
True,High_4Google_3Linksys,0,1.0,0.3294099209192102,2.8793052022396726,1.3813421976549483,1.7174923744162036
True,High_4Google_3Linksys,0,0.7,0.27765811495434606,2.5004630567068107,1.3267975168971475,1.4962754180223006
True,High_4Google_3Linksys,1,1.0,0.36206315962212365,2.9009484575604265,1.3921902089712945,1.696426325033509
True,High_4Google_3Linksys,1,0.7,0.31086774494058583,2.5261776133914284,1.3372543769314118,1.4784675487213967
True,High_4Google_3Linksys,2,1.0,0.40264926452462685,2.903657481606411,1.3540138093502196,1.72874287118319
True,High_4Google_3Linksys,2,0.7,0.34799535577999563,2.515579526356152,1.3444018795980086,1.4922833172766667
