dataset,feature,importance
building,AP4 RTT(mm),0.4912774188174127
building,AP11 RTT(mm),0.13909656817508173
building,AP8 RTT(mm),0.11437322047791001
building,AP3 RTT(mm),0.060376674231122744
building,AP13 RTT(mm),0.05332403800275025
building,AP11 RSS(dBm),0.04548728811689597
building,AP9 RTT(mm),0.01793251784894872
building,AP3 RSS(dBm),0.016466113819097787
building,AP12 RTT(mm),0.013472516321218738
building,AP10 RTT(mm),0.010820041044230724
building,AP13 RSS(dBm),0.006615467137413496
building,AP6 RTT(mm),0.006235752152786205
building,AP1 RTT(mm),0.006130975563909333
building,AP7 RTT(mm),0.005129876201418976
building,AP12 RSS(dBm),0.003651105723960467
building,AP2 RTT(mm),0.003073847139455242
building,AP5 RTT(mm),0.002032463641646984
building,AP2 RSS(dBm),0.0014591093032408488
building,AP10 RSS(dBm),0.0009472776790825835
building,AP9 RSS(dBm),0.0005166415394294897
building,AP6 RSS(dBm),0.0003348064743673696
building,AP8 RSS(dBm),0.0003039414550782405
building,AP5 RSS(dBm),0.0002569368248515288
building,AP7 RSS(dBm),0.0002493522636413883
building,AP4 RSS(dBm),0.0002276518426917469
building,AP1 RSS(dBm),0.00020839820235676578
office,AP1 RTT(mm),0.3372256599518708
office,AP7 RSS(dBm),0.32698057958874127
office,AP7 RTT(mm),0.1001500155259126
office,AP6 RTT(mm),0.09929055867904454
office,AP1 RSS(dBm),0.0731079366903036
office,AP6 RSS(dBm),0.06324524956412722
apartment,AP4 RTT(mm),0.43359901867652373
apartment,AP3 RTT(mm),0.18957457855505794
apartment,AP2 RTT(mm),0.17512201649714626
apartment,AP2 RSS(dBm),0.06061744318073391
apartment,AP4 RSS(dBm),0.04877388421705338
apartment,AP5 RTT(mm),0.03654140466411114
apartment,AP5 RSS(dBm),0.0313355186511789
apartment,AP3 RSS(dBm),0.02443613555819478
