dataset,model,fold,train_rps,validation_rps,train_time_s,predict_time_s,paper_metric_m,rmse_x_m,rmse_y_m,mean_euclidean_m,median_euclidean_m,rmse_euclidean_m,p50_euclidean_m,p80_euclidean_m,p90_euclidean_m,p95_euclidean_m,max_euclidean_m
building,RF300-F1.0,1,386.0,97,6.694761499995366,0.12895119993481785,0.8151041916425072,0.7828847642916436,0.8473236189933709,0.8922793916917295,0.7172907335287848,1.1536316004097724,0.7172907335287848,1.237420866024296,1.5197204990300757,1.813355939949703,24.154965783457442
building,RF300-F1.0,2,386.0,97,6.799039399949834,0.12830290000420064,1.0761604049481468,1.2340733747059298,0.9182474351903639,0.9812837608185281,0.7830785394183708,1.5382182700747487,0.7830785394183708,1.1867552401401071,1.5305051453573806,1.8798374929474964,43.210856506206866
building,RF300-F1.0,3,386.0,97,7.3428552999394014,0.2279309999430552,0.8541717550759725,0.7362538825179535,0.9720896276339915,0.9784060246739276,0.7669563129161799,1.2194375849859498,0.7669563129161799,1.263772127792343,1.8169388534874402,2.2571770369379114,14.858022614062751
building,RF300-F1.0,4,387.0,96,7.737488199956715,0.16145319992210716,0.7053355827667585,0.6309317465976089,0.7797394189359081,0.8482721906163517,0.717609921893503,1.0030296258372526,0.717609921893503,1.194096478502166,1.592854669492371,1.8823456642188294,13.564923295028251
building,RF300-F1.0,5,387.0,96,7.386287999921478,0.13954240002203733,0.9202050595339426,0.8475673434759303,0.9928427755919548,0.9521828140563201,0.7244998274671984,1.3054145620346016,0.7244998274671984,1.2443503408305403,1.687326524248466,2.4440335869592844,19.250881849930927
building,RF300-F1.0,pooled,,483,,,0.8885906711791214,0.8716094231337493,0.9055719192244935,0.9306101255392183,0.7388680528943283,1.2568864258092214,0.7388680528943283,1.2277488341494964,1.6191258124187922,2.0793048352309524,43.210856506206866
building,RF300-F0.7,1,386.0,97,5.067840299918316,0.15049979998730123,0.6666426992515455,0.5964019800202254,0.7368834184828655,0.7726231471479659,0.6830431893746249,0.9479939315243767,0.6830431893746249,1.0657853399113724,1.3685886155252545,1.6760718204112024,15.181850743568782
building,RF300-F0.7,2,386.0,97,4.946087500080466,0.15284340002108365,0.7824293189780893,0.8226740148490757,0.7421846231071031,0.8014344116235366,0.7205567290949348,1.107984904899221,0.7205567290949348,1.0632561226099466,1.304054290293963,1.5300624664232805,32.39677545682595
building,RF300-F0.7,3,386.0,97,5.1269615000346676,0.30436459998600185,0.6812888298677706,0.5389748020413146,0.8236028576942266,0.8189966680354052,0.7128646434450644,0.9842842599765435,0.7128646434450644,1.0614785710243206,1.4154984727803064,1.8638146364768808,8.103369632040081
building,RF300-F0.7,4,387.0,96,7.111781599931419,0.2712648999877274,0.6249058633637625,0.5834762579107409,0.6663354688167843,0.7388224080490896,0.6756019510903827,0.885690408974154,0.6756019510903827,1.018818520630694,1.306901215526204,1.5425213774420667,6.833827513594088
building,RF300-F0.7,5,387.0,96,5.6655866000801325,0.22510270006023347,0.767146328613349,0.6368466050713002,0.8974460521553977,0.8621856557204295,0.6994311959777064,1.1004467342493895,0.6994311959777064,1.0984487215741385,1.358399204946692,2.085849589278756,9.662234984147762
building,RF300-F0.7,pooled,,483,,,0.7103630368260887,0.6434041292474638,0.7773219444047136,0.7988054536690349,0.6983050909033559,1.0090581146721984,0.6983050909033559,1.0627210358320756,1.3455670921811338,1.7184525003086242,32.39677545682595
office,RF300-F1.0,1,22.0,6,0.44642920000478625,0.08553230005782098,0.7481920839851345,0.5038872406092878,0.9924969273609812,0.7877233511703688,0.49805125712342324,1.113082432737949,0.49805125712342324,0.6284565971047201,2.7083696377566753,2.803506129484214,2.8145643571035603
office,RF300-F1.0,2,22.0,6,0.4156449999427423,0.07422849989961833,0.47436484619600616,0.5450562559824169,0.40367343640959535,0.6342891679828982,0.6004918387248954,0.678261428542345,0.6004918387248954,0.8578918787094069,0.9108704031797767,0.9640203447023303,2.8226833239352627
office,RF300-F1.0,3,22.0,6,0.4144300000043586,0.07377319992519915,0.3815326945213928,0.3021578931408971,0.4609074959018886,0.5207026106601087,0.5432218263060288,0.5511216854433285,0.5432218263060288,0.701757663023188,0.7221692664327581,0.7407624204906127,1.1482238501267947
office,RF300-F1.0,4,23.0,5,0.43307499994989485,0.0723239000653848,0.5710776244611786,0.3094256484467086,0.8327296004756486,0.7073677746342831,0.5246373395551975,0.8883596228020497,0.5246373395551975,1.1596515383451518,1.7927025662700187,1.7957435810518407,1.7957435810518407
office,RF300-F1.0,5,23.0,5,0.40232529991772026,0.07481590006500483,0.7067320614722175,0.5657622156595966,0.8477019072848384,0.8461716938539006,0.6881178785144049,1.0191591672954758,0.6881178785144049,1.274081247409285,1.9623400452892887,1.9726662466204354,2.049625039217878
office,RF300-F1.0,pooled,,28,,,0.5988274193634605,0.46031371204298455,0.7373411266839365,0.6937138614757562,0.5510845430703996,0.8692299181426791,0.5510845430703996,0.8067942488724108,1.274081247409285,1.9601825630314338,2.8226833239352627
office,RF300-F0.7,1,22.0,6,0.4494339000666514,0.07343539991416037,0.580391821489282,0.47455352091717945,0.6862301220613847,0.6032554287766934,0.3506912479502289,0.8343337609369974,0.3506912479502289,0.6808427766745578,1.8328296999583744,2.072567677228439,2.249796975037723
office,RF300-F0.7,2,22.0,6,0.4143542000092566,0.084653600002639,0.422401365762466,0.4424027272091035,0.4024000043158285,0.5659908676548491,0.5726315534824103,0.5980350629481788,0.5726315534824103,0.7148750048605668,0.7486159737215812,0.8491401737481218,2.2528795584762182
office,RF300-F0.7,3,22.0,6,0.3911234000697732,0.07252619997598231,0.37775177701168394,0.26859546847262317,0.4869080855507448,0.517103457380732,0.5212524175329298,0.5560782404111126,0.5212524175329298,0.6746715662138498,0.7757022982465921,0.8021281341275632,1.620356583526533
office,RF300-F0.7,4,23.0,5,0.4201902999775484,0.09699939994607121,0.3865013779065706,0.26709224160477424,0.505910514208367,0.48636853233490596,0.35083537204530574,0.5720871558705343,0.35083537204530574,0.7414779309113417,0.9886555203841265,1.1408645439178873,1.3337908490047792
office,RF300-F0.7,5,23.0,5,0.42009909998159856,0.07875500002410263,0.5128179344398718,0.4132217224708292,0.6124141464089143,0.6184425064835691,0.48318347010959706,0.7387850016368217,0.48318347010959706,0.7570807175526406,1.393292188460608,1.4222743328126886,1.5438392792897122
office,RF300-F0.7,pooled,,28,,,0.46637453404709994,0.3858590020461742,0.5468900660480257,0.5586483470345008,0.46531397571088706,0.6693100281648882,0.46531397571088706,0.7162399484987081,0.916972921215053,1.3926552056774872,2.2528795584762182
apartment,RF300-F1.0,1,64.0,17,0.751331799896434,0.09602230007294565,0.6733566490067107,0.7651266002126318,0.5815866978007894,0.8463581498245347,0.7131218093518507,0.9610732549664279,0.7131218093518507,1.3094414076238767,1.383118331886321,1.7559894254830588,2.9986168544847467
apartment,RF300-F1.0,2,65.0,16,0.7467113999882713,0.09730150003451854,0.8632273082250481,0.8778540303869807,0.8486005860631156,0.9637858059177246,0.5862007149245438,1.220963002442471,0.5862007149245438,1.628396020628888,2.0578165982332686,2.3288079234622514,4.313923430011246
apartment,RF300-F1.0,3,65.0,16,0.7501320000737906,0.08345240005291998,0.5834039614113031,0.6800407546610719,0.48676716816153437,0.7228427205695277,0.6225056870741195,0.836300008370202,0.6225056870741195,1.0679162221400744,1.2903432101576695,1.4575781396616645,2.7011952317446437
apartment,RF300-F1.0,4,65.0,16,0.7615412999875844,0.09690829995088279,0.7166635348513316,0.7650803757340352,0.668246693968628,0.8974790124349722,0.8369437589618567,1.0158255880481322,0.8369437589618567,1.364461574834859,1.556832558338644,1.6581912252564106,4.8094757136303325
apartment,RF300-F1.0,5,65.0,16,0.7425280000315979,0.0838502999395132,0.6310470120872981,0.7321012971804741,0.529992726994122,0.7735338004704839,0.5611359818742208,0.9038056206950696,0.5611359818742208,1.2203647970464757,1.39406457019519,1.6892596583211024,2.7131683618972118
apartment,RF300-F1.0,pooled,,81,,,0.7010835817095326,0.7667678904298475,0.6353992729892176,0.8408685182382769,0.6671424263423663,0.9958238970367527,0.6671424263423663,1.2903432101576695,1.5664569542203477,1.783540926356246,4.8094757136303325
apartment,RF300-F0.7,1,64.0,17,0.6725673000328243,0.1060479999287054,0.5552601316192903,0.654775727986907,0.45574453525167374,0.7017442486742003,0.6538883041622506,0.7977683469357185,0.6538883041622506,0.9788286241244629,1.253662742525039,1.5360128169655263,2.2385120772513156
apartment,RF300-F0.7,2,65.0,16,0.688640599953942,0.10849999997299165,0.7472812832070331,0.7995959379586649,0.6949666284554014,0.8567766595356777,0.642722972178554,1.059401849472931,0.642722972178554,1.3607594254296729,1.9512283193810493,2.049862434499799,3.5768593150975336
apartment,RF300-F0.7,3,65.0,16,0.7837044999469072,0.08428810001350939,0.5323493205032986,0.6007736068326126,0.4639250341739847,0.6671220071213168,0.53311936070773,0.7590489865614736,0.53311936070773,1.056920842875151,1.2173426092983362,1.3288684796432955,2.477565256456427
apartment,RF300-F0.7,4,65.0,16,0.6707411999814212,0.08554849994834512,0.6189708434406294,0.6124712303447403,0.6254704565365183,0.7896440874491606,0.774213840226972,0.8754052204550758,0.774213840226972,1.0572332177069763,1.2208909939459385,1.4340302954707889,3.872883866061568
apartment,RF300-F0.7,5,65.0,16,0.6925398999592289,0.0851937000406906,0.5870648790156371,0.7692417504703357,0.40488800756093846,0.7351655289903386,0.5658878110041609,0.8692911878843207,0.5658878110041609,1.0802798799201556,1.4762124733836435,1.6274743085479786,2.6234233512721503
apartment,RF300-F0.7,pooled,,81,,,0.6156866809290646,0.6917736626449565,0.5395996992131726,0.749493638975374,0.620992750993913,0.8773361019131519,0.620992750993913,1.0719379048084856,1.38916353987517,1.6384399601539326,3.872883866061568
