dataset,protocol,predictor,region,confidence,empirical_coverage,area_m2,q,qx_m,qy_m,fit_rows,calibration_rows,fit_rps,calibration_rps
building,strict_grouped_split,RF300-F1.0,rectangle,0.9,0.9034067085953879,7.436352000000011,,1.0060000000000016,1.8479999999999999,43440,14520,362,121
building,strict_grouped_split,RF300-F1.0,circle,0.9,0.9626310272536688,13.526353364701915,2.074987228876361,,,43440,14520,362,121
building,strict_grouped_split,RF300-F1.0,rectangle,0.95,0.9609538784067087,14.635071999999992,,1.3879999999999995,2.6359999999999997,43440,14520,362,121
building,strict_grouped_split,RF300-F1.0,circle,0.95,0.9855345911949686,27.84217639688032,2.9769850520283097,,,43440,14520,362,121
building,strict_grouped_split,RF300-F0.7,circle,0.9,0.9520440251572327,8.208579479970473,1.616438059438097,,,43440,14520,362,121
building,strict_grouped_split,RF300-F0.7,ellipse,0.9,0.9538784067085954,7.904280060957389,2.186589785732448,,,43440,14520,362,121
building,strict_grouped_split_rp_corrected,RF300-F0.7,circle,0.9,0.9632599580712788,9.234183817661396,1.7144480161264735,,,43440,14520,362,121
building,strict_grouped_split_rp_corrected,RF300-F0.7,ellipse,0.9,0.960377358490566,8.55223196251727,2.274447366238437,,,43440,14520,362,121
building,strict_grouped_split,RF300-F0.7,circle,0.95,0.9840670859538784,16.711991147295063,2.3064240720214504,,,43440,14520,362,121
building,strict_grouped_split,RF300-F0.7,ellipse,0.95,0.984958071278826,15.917323955729648,3.102924317049615,,,43440,14520,362,121
building,strict_grouped_split_rp_corrected,RF300-F0.7,circle,0.95,0.9876310272536688,20.25389810317583,2.539097477451386,,,43440,14520,362,121
building,strict_grouped_split_rp_corrected,RF300-F0.7,ellipse,0.95,0.9891509433962264,19.632891487160908,3.446103273699694,,,43440,14520,362,121
office,strict_grouped_split,RF300-F1.0,rectangle,0.9,0.8694444444444445,2.4400334544444444,,0.7901833333333333,0.7719833333333334,2520,840,21,7
office,strict_grouped_split,RF300-F1.0,circle,0.9,0.8916666666666667,2.7795279993291184,0.9406121629614999,,,2520,840,21,7
office,strict_grouped_split,RF300-F1.0,rectangle,0.95,0.9046296296296297,3.08086324,,0.7947333333333333,0.96915,2520,840,21,7
office,strict_grouped_split,RF300-F1.0,circle,0.95,0.9231481481481482,3.571932099348974,1.0662932523466517,,,2520,840,21,7
office,strict_grouped_split,RF300-F0.7,circle,0.9,0.9990740740740741,3.2837523059973526,1.0223750890831493,,,2520,840,21,7
office,strict_grouped_split,RF300-F0.7,ellipse,0.9,0.9648148148148148,3.1381646863305983,1.8933486529942345,,,2520,840,21,7
office,strict_grouped_split_rp_corrected,RF300-F0.7,circle,0.9,1.0,14.462155291225276,2.145564495586703,,,2520,840,21,7
office,strict_grouped_split_rp_corrected,RF300-F0.7,ellipse,0.9,1.0,14.398212484373138,4.055524400715394,,,2520,840,21,7
office,strict_grouped_split,RF300-F0.7,circle,0.95,0.9990740740740741,3.8338578882558756,1.1046967312595597,,,2520,840,21,7
office,strict_grouped_split,RF300-F0.7,ellipse,0.95,0.9824074074074074,3.548099551867603,2.0132171800862646,,,2520,840,21,7
office,strict_grouped_split_rp_corrected,RF300-F0.7,circle,0.95,1.0,14.462155291225276,2.145564495586703,,,2520,840,21,7
office,strict_grouped_split_rp_corrected,RF300-F0.7,ellipse,0.95,1.0,14.398212484373138,4.055524400715394,,,2520,840,21,7
apartment,strict_grouped_split,RF300-F1.0,rectangle,0.9,0.6801724137931034,3.524720639999999,,1.2431999999999999,0.7087999999999999,7200,2520,60,21
apartment,strict_grouped_split,RF300-F1.0,circle,0.9,0.8522988505747127,5.8081885616725994,1.3597072626120668,,,7200,2520,60,21
apartment,strict_grouped_split,RF300-F1.0,rectangle,0.95,0.8258620689655173,5.4156287999999995,,1.6592,0.816,7200,2520,60,21
apartment,strict_grouped_split,RF300-F1.0,circle,0.95,0.985632183908046,10.972777885960175,1.8688883540757588,,,7200,2520,60,21
apartment,strict_grouped_split,RF300-F0.7,circle,0.9,0.8275862068965517,6.39493552777896,1.4267344532182575,,,7200,2520,60,21
apartment,strict_grouped_split,RF300-F0.7,ellipse,0.9,0.8218390804597702,5.89105962811067,2.126400969575546,,,7200,2520,60,21
apartment,strict_grouped_split_rp_corrected,RF300-F0.7,circle,0.9,0.9543103448275863,10.221385326754834,1.8037649514279845,,,7200,2520,60,21
apartment,strict_grouped_split_rp_corrected,RF300-F0.7,ellipse,0.9,0.9229885057471264,9.704036473027186,2.729132758496925,,,7200,2520,60,21
apartment,strict_grouped_split,RF300-F0.7,circle,0.95,0.9491379310344827,9.933247496354422,1.778159407927197,,,7200,2520,60,21
apartment,strict_grouped_split,RF300-F0.7,ellipse,0.95,0.917528735632184,9.50504857160214,2.7010064579953914,,,7200,2520,60,21
apartment,strict_grouped_split_rp_corrected,RF300-F0.7,circle,0.95,0.9974137931034482,15.865692330661801,2.247266499550064,,,7200,2520,60,21
apartment,strict_grouped_split_rp_corrected,RF300-F0.7,ellipse,0.95,0.9971264367816092,17.314184197210167,3.6454359242348287,,,7200,2520,60,21
