dataset,rp_fraction,rep,ratio,mtry,paper_metric_m,rmse2d_m,p90_m
office,1.0,0,0.2,1,0.4113807387826258,0.5818928046442127,0.9489408848139027
office,1.0,0,0.35,2,0.3559326834056993,0.5033689924996199,0.7850311205359051
office,1.0,0,0.5,3,0.33573991734628134,0.4748108881517555,0.7332452544133999
office,1.0,0,0.7,4,0.33764969041710635,0.47750903799862304,0.740179018114609
office,1.0,0,0.85,5,0.34480133917735833,0.48762555179552364,0.7830905609806325
office,1.0,0,1.0,6,0.37652968786149443,0.5325275529809694,0.8392158915384951
office,0.75,0,0.2,1,0.43567760242000636,0.6197299255028645,1.0446596968034458
office,0.75,0,0.35,2,0.38235359671888547,0.5493474835538846,0.8605713591295431
office,0.75,0,0.5,3,0.38769876104950607,0.5566986660846901,0.8521813299668967
office,0.75,0,0.7,4,0.39203340238154005,0.5594819947774865,0.8340632511653086
office,0.75,0,0.85,5,0.4184691094546352,0.5967198438445035,0.9101516677373572
office,0.75,0,1.0,6,0.4475183464738386,0.6374488667998909,1.0073228765675328
office,0.75,1,0.2,1,0.422862066012547,0.6036360925707767,0.9954020585378484
office,0.75,1,0.35,2,0.406354209151358,0.5833950475996399,0.9439235748401764
office,0.75,1,0.5,3,0.4120736567726274,0.5901698258441668,0.9025567538456257
office,0.75,1,0.7,4,0.42446353294731504,0.6050453866420784,0.9527268649939624
office,0.75,1,0.85,5,0.44632215035305434,0.6343188031458898,0.962260054975129
office,0.75,1,1.0,6,0.4741201803964421,0.6715580671165072,0.9625481715218205
office,0.5,0,0.2,1,0.44730110175028803,0.6325792853469042,1.2825151611114212
office,0.5,0,0.35,2,0.39571830067158403,0.559670554467136,1.0253477478071737
office,0.5,0,0.5,3,0.3626795494855851,0.5131515898811294,0.8539412502560635
office,0.5,0,0.7,4,0.3294087664289972,0.46585645562769656,0.6338754023422497
office,0.5,0,0.85,5,0.3244886043347668,0.458924143484513,0.5948137731443534
office,0.5,0,1.0,6,0.328712472548925,0.4649196635221812,0.6152772392434347
office,0.5,1,0.2,1,0.5137502963266355,0.7266356803229986,1.31497229961593
office,0.5,1,0.35,2,0.5385253466886796,0.7663322037584174,1.483332716765589
office,0.5,1,0.5,3,0.5192959002389138,0.7400260590329502,1.3675744717452825
office,0.5,1,0.7,4,0.510032125880788,0.7282683411535852,1.3504266890878354
office,0.5,1,0.85,5,0.4955680907085413,0.7050130769235636,1.1456607263932896
office,0.5,1,1.0,6,0.49259376033185037,0.6982275437692833,1.0079160073030777
office,0.25,0,0.2,1,0.6275662105650698,0.8967940059493812,1.578226309729445
office,0.25,0,0.35,2,0.6222664199486212,0.8884766582210833,1.5426543687352543
office,0.25,0,0.5,3,0.6228247287717723,0.8868426630114514,1.5619796962203627
office,0.25,0,0.7,4,0.6224202484386709,0.8863734267268567,1.6198007100497818
office,0.25,0,0.85,5,0.6317302046700486,0.8974786154157662,1.7052743358637505
office,0.25,0,1.0,6,0.6424819715374277,0.9114326360298489,1.783886931285476
office,0.25,1,0.2,1,0.6478751510725353,0.9480070467036594,1.6129555691511022
office,0.25,1,0.35,2,0.6815562130430439,0.9873295174100054,1.5769752718592502
office,0.25,1,0.5,3,0.7283904674506232,1.048460877533768,1.7326607372125042
office,0.25,1,0.7,4,0.7591071481466349,1.081045544333043,1.8504980459475107
office,0.25,1,0.85,5,0.7939440981588617,1.1268979368539318,1.9677626348780544
office,0.25,1,1.0,6,0.8040622658950038,1.1410609455994336,1.9758162167823201
apartment,1.0,0,0.2,2,0.6311994251719775,0.901479464043388,1.5851574768223327
apartment,1.0,0,0.35,3,0.5966542800341608,0.852758448018351,1.5325743380488888
apartment,1.0,0,0.5,4,0.5717260557173008,0.8192144965491772,1.3775039864526148
apartment,1.0,0,0.7,6,0.5630961031838774,0.813862091850778,1.2030341369823156
apartment,1.0,0,0.85,7,0.5673479642880477,0.8176437044350668,1.1556902933428244
apartment,1.0,0,1.0,8,0.5968234767269425,0.8629769417678484,1.15996502466946
apartment,0.75,0,0.2,2,0.6527240138814916,0.926717532383836,1.5295973188747745
apartment,0.75,0,0.35,3,0.6267359729736115,0.8922390772850529,1.5470463581349783
apartment,0.75,0,0.5,4,0.5827842756770667,0.8299515968714232,1.411214551645313
apartment,0.75,0,0.7,6,0.5814114483180202,0.8294799119459367,1.3654310381707306
apartment,0.75,0,0.85,7,0.5797299448035607,0.8262953536129191,1.3597589046517893
apartment,0.75,0,1.0,8,0.6026484471053664,0.8582036175613583,1.3845762435253153
apartment,0.75,1,0.2,2,0.7107488730152602,1.009192703241488,1.8831390243553523
apartment,0.75,1,0.35,3,0.6897704467753276,0.9818370493825489,1.775081843875127
apartment,0.75,1,0.5,4,0.669785928484805,0.9581009461849309,1.800311247395498
apartment,0.75,1,0.7,6,0.6594346249078182,0.949424955929919,1.6140379828378348
apartment,0.75,1,0.85,7,0.6283339625642628,0.910822652836182,1.5066358911614366
apartment,0.75,1,1.0,8,0.6449462023149508,0.9349768361996381,1.5358600181161486
apartment,0.5,0,0.2,2,0.7017103790087802,0.9986875672659064,1.6942047915655163
apartment,0.5,0,0.35,3,0.6716957962075055,0.9599240514018649,1.4500240152917625
apartment,0.5,0,0.5,4,0.6459463471511933,0.9291731427432685,1.4499655168313483
apartment,0.5,0,0.7,6,0.6712608135055654,0.9768357149372721,1.4963024207294033
apartment,0.5,0,0.85,7,0.6863482827039442,1.003495088683295,1.623607473840189
apartment,0.5,0,1.0,8,0.7335626149731229,1.0717349063202557,1.7917269671949343
apartment,0.5,1,0.2,2,0.7047678545883729,1.005896952287206,1.6873581650043794
apartment,0.5,1,0.35,3,0.6665749583161067,0.9508828178768052,1.5999349647021242
apartment,0.5,1,0.5,4,0.6333324547345812,0.9050417006967136,1.5015820542463876
apartment,0.5,1,0.7,6,0.5885524110928791,0.838381898111153,1.3644683300718465
apartment,0.5,1,0.85,7,0.5861778342247933,0.8321162270718687,1.3087410153653058
apartment,0.5,1,1.0,8,0.605788509798826,0.8585532744433925,1.3188405186746068
apartment,0.25,0,0.2,2,0.9061999764005337,1.288553777717083,2.031962071766708
apartment,0.25,0,0.35,3,0.8751204534751407,1.2464188669576717,1.9063253017522988
apartment,0.25,0,0.5,4,0.8594301760454275,1.2260634542840898,1.9342346962021923
apartment,0.25,0,0.7,6,0.8895263181104358,1.2734274829729428,2.0556350174838487
apartment,0.25,0,0.85,7,0.9253731988586951,1.3202868511726193,2.1006957989148893
apartment,0.25,0,1.0,8,1.0133725896906358,1.4387914317870774,2.7010445386923925
apartment,0.25,1,0.2,2,1.0353743144647902,1.523376070669897,2.788194233009865
apartment,0.25,1,0.35,3,1.0403935139566478,1.5346607782424955,2.731247332601557
apartment,0.25,1,0.5,4,1.0627753396011728,1.5566853263692482,2.8343484048366387
apartment,0.25,1,0.7,6,1.1052305474770354,1.6014170961277125,2.844127262009655
apartment,0.25,1,0.85,7,1.1837821591023179,1.708641289715176,2.8980219821704423
apartment,0.25,1,1.0,8,1.3104090945559044,1.8844982805943915,3.0664637614033525
