dataset,seed,model,test_paper_metric_m,test_rmse2d_m,test_p90_m,cv_paper_metric_m,cv_rmse2d_m,cv_p90_m
office,0,RF-node-F0.7,0.33764969041710635,0.47750903799862304,0.740179018114609,0.4576359524214497,0.6567933539953267,0.8843240442761013
office,0,tree-feature-0.7,0.3682288699864692,0.5217956953380833,0.764987459581299,0.4656648575143585,0.6676056878729569,1.0798267662926293
office,0,tree-AP-0.7,0.34974431339429174,0.4949767008312015,0.7236123263156877,0.49233925408743573,0.7063859624170657,1.058976248232312
office,0,tree-AP-0.5,0.34974431339429174,0.4949767008312015,0.7236123263156877,0.49233925408743573,0.7063859624170657,1.058976248232312
office,1,RF-node-F0.7,0.33861807905583513,0.478912749314816,0.740539535834366,0.46758748071271683,0.670303817519526,0.8900897351035845
office,1,tree-feature-0.7,0.3620528440447806,0.5126880075307434,0.7547211302490772,0.4704378081948885,0.6745157939093922,1.119539640861722
office,1,tree-AP-0.7,0.350868857319116,0.49701299256332226,0.7095664629932469,0.4765968609002801,0.684559624137184,0.9583653333787812
office,1,tree-AP-0.5,0.350868857319116,0.49701299256332226,0.7095664629932469,0.4765968609002801,0.684559624137184,0.9583653333787812
office,2,RF-node-F0.7,0.3416581802742466,0.4831956330449648,0.7576728405958602,0.4656986688617542,0.6688368973111913,0.9112624079173622
office,2,tree-feature-0.7,0.36121956253339466,0.5114179130881297,0.7445154307577414,0.4652252234239975,0.6671921126616507,1.1059587474274901
office,2,tree-AP-0.7,0.356076019971592,0.5050171239021639,0.7294945941993483,0.486895014318251,0.6999051843974382,0.980949746802249
office,2,tree-AP-0.5,0.356076019971592,0.5050171239021639,0.7294945941993483,0.486895014318251,0.6999051843974382,0.980949746802249
apartment,0,RF-node-F0.7,0.5608414545943602,0.806838039210622,1.2686556642203803,0.6201783296705088,0.8832295832106375,1.4100295261372453
apartment,0,tree-feature-0.7,0.6417662815684364,0.9211621728998695,1.7180311708452656,0.646633484854305,0.9204944338947822,1.4247513522133706
apartment,0,tree-AP-0.7,0.6467672229428851,0.93111953003811,1.6669167409040968,0.6982449633759591,0.9890271124371679,1.584049613781439
apartment,0,tree-AP-0.5,0.8421462912374725,1.197117233756294,1.979344020394715,0.8226510932501708,1.1634085574263802,1.8382959012921585
apartment,1,RF-node-F0.7,0.5666593966107158,0.8156379101977322,1.2519041361933227,0.6178767324062707,0.8803619255737949,1.3963975592219542
apartment,1,tree-feature-0.7,0.6411402528476313,0.9206655991071407,1.6392389055619203,0.652089042131312,0.9278433320287016,1.4391782506988062
apartment,1,tree-AP-0.7,0.6573744784195719,0.943361703159772,1.7231813513311987,0.7044882406338282,0.9973251344483749,1.5801453995767762
apartment,1,tree-AP-0.5,0.8342942385637614,1.1854904955091494,1.9802393699527097,0.8105282476506757,1.1463385946483033,1.843751850810392
apartment,2,RF-node-F0.7,0.5657051375137061,0.8156622325504567,1.2385808175723607,0.6118989392889977,0.8724962636636308,1.3765720335066325
apartment,2,tree-feature-0.7,0.652517006615146,0.9363904795089186,1.7562212524933019,0.6495471660286614,0.9242768187056883,1.4499875501787125
apartment,2,tree-AP-0.7,0.6388853488763668,0.919784714441124,1.6544419361647729,0.7008578044372522,0.9931069891430497,1.5984470036125302
apartment,2,tree-AP-0.5,0.8452443120427413,1.1988686163864337,1.9589345111078067,0.832896516732772,1.1785731854188248,1.8939221568358644
