dataset,seed,variant,max_features,test_paper_metric_m,test_rmse2d_m,test_p90_m,cv_paper_metric_m,cv_rmse2d_m,cv_p90_m
office,0,base,1.0,0.37652968786149443,0.5325275529809694,0.8392158915384951,0.6047176230761611,0.8776541605624975,1.2698042018796092
office,0,base,0.7,0.33764969041710635,0.47750903799862304,0.740179018114609,0.4576359524214497,0.6567933539953267,0.8843240442761013
office,0,geo,1.0,0.4120528413485677,0.5833112783469554,0.804974451123153,0.4550031335747079,0.6435165786012094,0.9301305752039647
office,0,geo,0.7,0.3424001198713148,0.48437134824403355,0.729612824084535,0.3916150569454833,0.5555197544424593,0.7991139494160889
office,0,geo+diff,1.0,0.6013371093912523,0.868843086780635,1.3132003834991146,0.4578327200881956,0.6476645443611758,0.952949559117492
office,0,geo+diff,0.7,0.5239448319478308,0.7539469006153755,1.2567555839892528,0.41476794580269377,0.5870177633238662,0.8515749060443255
office,0,residual,1.0,0.27280671473669305,0.3910117711007274,0.5643321739484461,0.48903655393901535,0.6946696839255545,0.9824087553351075
office,0,residual,0.7,0.2805908895552782,0.4032934563268549,0.5773844827554708,0.4912039983233917,0.6967208101226496,0.9553030569422717
office,1,base,1.0,0.3670728873064615,0.5194275234622671,0.8142511893509197,0.5989941283664445,0.8674237320286863,1.2526620012774574
office,1,base,0.7,0.33861807905583513,0.478912749314816,0.740539535834366,0.46758748071271683,0.670303817519526,0.8900897351035845
office,1,geo,1.0,0.4088389430297267,0.5786556273853051,0.8029715191434598,0.4582126784188973,0.6481561714462897,0.9223490838614196
office,1,geo,0.7,0.3426659611238677,0.48480798874861303,0.722877604701808,0.39777409000036307,0.5640847863900336,0.8115300383824258
office,1,geo+diff,1.0,0.6021725192309223,0.8702546606657697,1.3204558511068147,0.46081295448639853,0.6519565853090936,0.966842227530126
office,1,geo+diff,0.7,0.5448532471204728,0.7859832688504308,1.2564109380049335,0.4100039530584183,0.5802185874946661,0.8607307155680122
office,1,residual,1.0,0.2726059733951565,0.39046446684438535,0.5586595015830943,0.49354313210302847,0.7019642032932059,0.9847123817983245
office,1,residual,0.7,0.2770982218595597,0.39803737539206846,0.573104521177558,0.4857928951310389,0.6909853946542133,0.9320066610116736
office,2,base,1.0,0.374872268227186,0.5302486854483971,0.8489925028411772,0.6009853664963538,0.8707282622597688,1.2505006341906073
office,2,base,0.7,0.3416581802742466,0.4831956330449648,0.7576728405958602,0.4656986688617542,0.6688368973111913,0.9112624079173622
office,2,geo,1.0,0.4077905252610893,0.5771166541815385,0.8056896052569293,0.4548914742804954,0.6435346898968963,0.916429439758215
office,2,geo,0.7,0.3431982994534464,0.48548426339996037,0.7284987438534952,0.39753390835957014,0.5638656674900134,0.7845417690170049
office,2,geo+diff,1.0,0.6027206941033694,0.8707392672733666,1.3157200198935013,0.46103015219746424,0.6522252915753008,0.9711405093439821
office,2,geo+diff,0.7,0.5206185234350196,0.7500233860429741,1.261567268648915,0.4156398161586302,0.5881695021272685,0.8723298974265044
office,2,residual,1.0,0.27138117668467965,0.38906855336095864,0.5588977529585805,0.4844843940064344,0.6892543843854418,0.9654650873920475
office,2,residual,0.7,0.2799627379196644,0.403033832152926,0.5739821168394889,0.4837656562530476,0.6870694992303131,0.9412044109094537
apartment,0,base,1.0,0.5968234767269425,0.8629769417678484,1.15996502466946,0.7035603148547157,0.9998632285727143,1.5872295140136856
apartment,0,base,0.7,0.5608414545943602,0.806838039210622,1.2686556642203803,0.6201783296705088,0.8832295832106375,1.4100295261372453
apartment,0,geo,1.0,0.6085299694060495,0.8911363236914422,1.386906315390383,0.6556062514319464,0.9294580022300443,1.4176799059014138
apartment,0,geo,0.7,0.5280234379325471,0.7561340342169166,1.1497911044317377,0.5909120565952539,0.8388913682769344,1.291206047058716
apartment,0,geo+diff,1.0,0.5419492190584799,0.7795607586120635,1.2143634028999493,0.7012449749557172,0.9974084061003651,1.4943460184684547
apartment,0,geo+diff,0.7,0.4927842788549855,0.7082822846567749,1.0955711768097989,0.6226310433436217,0.8855299354814296,1.3400752107437706
apartment,0,residual,1.0,0.5905546623373423,0.8400028705515088,1.3023340882803642,7.5853913825958035,12.010122806121268,1.4613326589606201
apartment,0,residual,0.7,0.5684674506603455,0.8041837883768853,1.2034351159333883,7.57358765890921,11.99114548822268,1.4187597439719901
apartment,1,base,1.0,0.5987778602720089,0.8651578712356027,1.1217085112463228,0.7057034971639526,1.0023872924420894,1.5626627516090417
apartment,1,base,0.7,0.5666593966107158,0.8156379101977322,1.2519041361933227,0.6178767324062707,0.8803619255737949,1.3963975592219542
apartment,1,geo,1.0,0.6111106869460996,0.893753177581362,1.3228855732828897,0.6541915236800819,0.9274146005164189,1.4191308066914232
apartment,1,geo,0.7,0.5291350066855012,0.7569598475207391,1.1573711756147078,0.5955373248093672,0.8454521094262721,1.3326151128146326
apartment,1,geo+diff,1.0,0.5450507644623346,0.784059529525074,1.2178060216602071,0.6977749012199954,0.9926614668420883,1.5054317416849547
apartment,1,geo+diff,0.7,0.4998151647069733,0.7186360910477027,1.1029887512317142,0.6242181473469319,0.887395607761779,1.340014558960609
apartment,1,residual,1.0,0.5949374713178315,0.8458829006568988,1.3304144619296405,7.5870997614695135,12.010142501545959,1.4635023777827427
apartment,1,residual,0.7,0.5698592250696407,0.8061968509464158,1.2077034200359147,7.550457336197737,11.981458968768461,1.4118584079431356
apartment,2,base,1.0,0.5973320799087707,0.8639644603163114,1.1616168584200202,0.7046317325182299,1.0009973224599635,1.590528686539801
apartment,2,base,0.7,0.5657051375137061,0.8156622325504567,1.2385808175723607,0.6118989392889977,0.8724962636636308,1.3765720335066325
apartment,2,geo,1.0,0.6058342918420286,0.8863007305714546,1.3482231160158056,0.655167185169427,0.9288495844245163,1.4553845345826668
apartment,2,geo,0.7,0.5284644269414853,0.7562690742954072,1.1631816227138605,0.5951522659388582,0.8447039593431779,1.343669480613609
apartment,2,geo+diff,1.0,0.541606674062354,0.7801086618092924,1.2328487079094115,0.6965640758076799,0.9908599057168485,1.4784905495753589
apartment,2,geo+diff,0.7,0.4962820405329069,0.7125541544896499,1.11042463271912,0.6234476627294215,0.8857759231364501,1.3309239020834471
apartment,2,residual,1.0,0.5880212215322242,0.8363163175170908,1.312610909849604,7.541135527298293,11.932476253497143,1.4750265977919825
apartment,2,residual,0.7,0.5703475505634199,0.8066512288019347,1.183411553288612,7.5948916944907765,12.033819369724906,1.4354597455960478
