dataset,seed,confidence,method,coverage,mean_area_m2,median_area_m2,cal_rps
office,0,0.9,global-circle,0.812037037037037,2.617342857090531,2.6173428570905313,7
office,0,0.9,global-ellipse,0.762962962962963,2.559902337902522,2.559902337902522,7
office,0,0.9,local-circle,0.7453703703703703,2.260161465714979,1.897871522024138,7
office,0,0.9,local-ellipse,0.8490740740740741,2.447395977266146,2.106839890274111,7
office,0,0.95,global-circle,0.8666666666666667,3.082319848003396,3.082319848003396,7
office,0,0.95,global-ellipse,0.7870370370370371,3.001303910348135,3.001303910348135,7
office,0,0.95,local-circle,0.8675925925925926,2.8348141923804597,2.3804109607039896,7
office,0,0.95,local-ellipse,0.9342592592592592,2.8617116199292454,2.46350335267885,7
office,1,0.9,global-circle,0.8740740740740741,2.217917772128129,2.217917772128129,7
office,1,0.9,global-ellipse,0.8324074074074074,1.7938646405012035,1.7938646405012038,7
office,1,0.9,local-circle,0.7546296296296297,1.5375636758569016,1.3378140789656863,7
office,1,0.9,local-ellipse,0.7407407407407407,1.409158981941509,1.2420336124852978,7
office,1,0.95,global-circle,0.8768518518518519,2.4285857428334396,2.4285857428334396,7
office,1,0.95,global-ellipse,0.8453703703703703,1.9822387319809405,1.9822387319809407,7
office,1,0.95,local-circle,0.8018518518518518,1.732333840317904,1.507281056021563,7
office,1,0.95,local-ellipse,0.7666666666666667,1.5802841063147295,1.3928634046776802,7
office,2,0.9,global-circle,0.8814814814814815,1.3883981844044295,1.3883981844044293,7
office,2,0.9,global-ellipse,0.8833333333333333,1.4023767626994488,1.4023767626994488,7
office,2,0.9,local-circle,0.9537037037037037,1.8912575810253864,1.6969323938841314,7
office,2,0.9,local-ellipse,0.9685185185185186,1.9736296245911902,1.838181579832698,7
office,2,0.95,global-circle,0.9185185185185185,1.575919561045213,1.5759195610452132,7
office,2,0.95,global-ellipse,0.9194444444444444,1.5701214888145463,1.5701214888145463,7
office,2,0.95,local-circle,0.9592592592592593,2.034053051694278,1.8250557454090979,7
office,2,0.95,local-ellipse,0.9768518518518519,2.009114369643878,1.8712310456028631,7
apartment,0,0.9,global-circle,0.9037356321839081,7.7781209678497145,7.778120967849715,21
apartment,0,0.9,global-ellipse,0.857183908045977,5.804917813531516,5.804917813531515,21
apartment,0,0.9,local-circle,0.9241379310344827,7.591290338693281,5.855562218217006,21
apartment,0,0.9,local-ellipse,0.9080459770114943,6.082825477514921,4.937966837864717,21
apartment,0,0.95,global-circle,0.9557471264367816,10.40479401914553,10.404794019145532,21
apartment,0,0.95,global-ellipse,0.9304597701149425,7.5469748380401285,7.546974838040132,21
apartment,0,0.95,local-circle,0.9864942528735632,10.911806063387289,8.416850952414016,21
apartment,0,0.95,local-ellipse,0.9885057471264368,8.370117133677853,6.794763549920232,21
apartment,1,0.9,global-circle,0.8971264367816092,6.180523085808518,6.1805230858085185,21
apartment,1,0.9,global-ellipse,0.9103448275862069,7.1831812054956155,7.183181205495617,21
apartment,1,0.9,local-circle,0.9218390804597701,6.4271634169803304,4.775949793828549,21
apartment,1,0.9,local-ellipse,0.9017241379310345,5.588014720745273,4.387130711138415,21
apartment,1,0.95,global-circle,0.9083333333333333,7.052753864841534,7.052753864841536,21
apartment,1,0.95,global-ellipse,0.9155172413793103,7.95436793017909,7.954367930179091,21
apartment,1,0.95,local-circle,0.9545977011494253,8.36611046632076,6.21675861721656,21
apartment,1,0.95,local-ellipse,0.9683908045977011,7.314194574669174,5.742348445619966,21
apartment,2,0.9,global-circle,0.9327586206896552,8.369717547703573,8.369717547703571,21
apartment,2,0.9,global-ellipse,0.9459770114942528,8.298253745191332,8.298253745191328,21
apartment,2,0.9,local-circle,0.9408045977011494,6.52004033686831,5.628546722058125,21
apartment,2,0.9,local-ellipse,0.9252873563218391,5.002379783867407,4.471365067529678,21
apartment,2,0.95,global-circle,0.9954022988505747,12.502336410946995,12.502336410946995,21
apartment,2,0.95,global-ellipse,0.9879310344827587,9.692515779424996,9.692515779424998,21
apartment,2,0.95,local-circle,0.9948275862068966,11.28303456493103,9.740290540259856,21
apartment,2,0.95,local-ellipse,0.9956896551724138,9.617602460435076,8.59667069135044,21
