Dataset / scenario,Protocol,Model,Accuracy metric,Accuracy metric type,Train time (s),Prediction time (s),Inference (us/sample),Model size (MB)
Building,Official test,RF300-F0.7,0.513039962881646,Paper-compatible error (m),6.345664300024509,0.1772292000241577,9.288742139630909,64.25867557525635
Building,Official test,RF300-F1.0,0.5987891403357137,Paper-compatible error (m),13.629357300000263,0.2467270001070574,12.93118449198414,58.87979984283447
Office,Official test,RF300-F0.7,0.3434517037214497,Paper-compatible error (m),0.397353500011377,0.0725852999603375,67.20861107438665,3.413691520690918
Office,Official test,RF300-F1.0,0.3695089794115386,Paper-compatible error (m),0.5621442999690771,0.0730260000564158,67.61666671890352,2.8630857467651367
Apartment,Official test,RF300-F0.7,0.569277338444429,Paper-compatible error (m),0.738598300027661,0.1332694999873638,38.29583332970225,14.852863311767578
Apartment,Official test,RF300-F1.0,0.6001520991084017,Paper-compatible error (m),0.803719500079751,0.1089199000271037,31.298821846868883,13.319430351257324
EETAC Medium_4Google,Sample-level CV,RF300-F0.7,0.2916434030050746,2D RMSE (m),0.4904769400134682,0.0734856199938804,,
EETAC Medium_4Google,Sample-level CV,RF300-F1.0,0.3311426284204646,2D RMSE (m),0.5558438999578357,0.0802506800042465,,
EETAC High_4Google_3Linksys,Sample-level CV,RF300-F0.7,0.2920166654357054,2D RMSE (m),0.5218159399926663,0.0724616799736395,,
EETAC High_4Google_3Linksys,Sample-level CV,RF300-F1.0,0.3293903531136838,2D RMSE (m),0.6135762400226668,0.0768900600029155,,
